algorithm,delta,variant,threads,run,time,energy_pkg,instructions,cycles,branches,branch-misses,cache-references,cache-misses,L1-dcache-load-misses,LLC-load-misses,dTLB-load-misses,iTLB-load-misses
heapsort,0,parallel,4,1,0.3072124835,0.54,678579922.0,1043019690.0,160853453.0,10765648.0,13104522.0,3807091.0,12224063.0,,105037.0,531.0
heapsort,0,parallel,4,2,0.239024175,0.49,678429553.0,720732039.0,160803251.0,10770726.0,13361777.0,3319966.0,9068250.0,,99445.0,493.0
heapsort,0,parallel,4,3,0.277210705,0.58,678429716.0,799211205.0,160823902.0,10767339.0,14313157.0,3878517.0,11783488.0,,104506.0,543.0
heapsort,0,parallel,4,4,0.2356044485,0.52,678468409.0,719217322.0,160803536.0,10772445.0,15472128.0,3876218.0,10893058.0,,98983.0,503.0
heapsort,0,parallel,4,5,0.2447463685,0.47,678454865.0,725834322.0,160811687.0,10770716.0,16717022.0,4649669.0,9044486.0,,100634.0,531.0
heapsort,0,parallel,4,6,0.2556759035,0.49,678475596.0,736578480.0,160849518.0,10769188.0,9674304.0,3140398.0,9033050.0,,97876.0,535.0
heapsort,0,parallel,4,7,0.2451182315,0.47,678461035.0,743560060.0,160813752.0,10770263.0,21205133.0,5631235.0,9063539.0,,97158.0,493.0
heapsort,0,parallel,4,8,0.24319050250000002,0.52,678471372.0,737698521.0,160817193.0,10768477.0,9740153.0,3100624.0,16155068.0,,100564.0,506.0
heapsort,0,parallel,4,9,0.2489480465,0.47,678531638.0,785485061.0,160814237.0,10768256.0,21142745.0,5663128.0,9070643.0,,102277.0,558.0
heapsort,0,parallel,4,10,0.2456845085,0.47,678464647.0,747100389.0,160814959.0,10765587.0,9624726.0,3141930.0,9063610.0,,99375.0,534.0
heapsort,0,parallel,4,11,0.243300871,0.48,678464764.0,736646147.0,160814980.0,10769997.0,9637101.0,3121238.0,9075022.0,,101926.0,526.0
heapsort,0,parallel,4,12,0.250143035,0.5,678454556.0,727620618.0,160827588.0,10769961.0,9576003.0,3219824.0,16211339.0,,99281.0,507.0
heapsort,0,parallel,4,13,0.26241109,0.5,678461899.0,797141640.0,160814060.0,10771637.0,9591495.0,3156323.0,9050326.0,,100275.0,490.0
heapsort,0,parallel,4,14,0.25174830800000003,0.47,678465725.0,748270501.0,160851999.0,10773540.0,9688229.0,3158778.0,9048262.0,,107399.0,488.0
heapsort,0,parallel,4,15,0.2539347155,0.49,687438540.0,816245875.0,160836752.0,10773127.0,9694411.0,3184708.0,16113244.0,,101996.0,491.0
heapsort,0,parallel,4,16,0.23999227499999998,0.5,678458129.0,731262418.0,160812779.0,10771922.0,21215392.0,5653917.0,16110053.0,,108512.0,500.0
heapsort,0,parallel,4,17,0.2392489155,0.54,678455052.0,724437428.0,160811728.0,10769936.0,21386994.0,5787473.0,16218696.0,,99037.0,499.0
heapsort,0,parallel,4,18,0.250075771,0.52,678453567.0,732621208.0,160838432.0,10770686.0,9695151.0,3132758.0,16212225.0,,99127.0,551.0
heapsort,0,parallel,4,19,0.241006149,0.5,678445803.0,726920196.0,160821731.0,10772496.0,9570293.0,3114866.0,16140510.0,,98179.0,513.0
heapsort,0,parallel,4,20,0.2423871575,0.51,678460285.0,734349602.0,160813497.0,10771388.0,21225612.0,5689789.0,9053955.0,,102945.0,537.0
heapsort,0,parallel,4,21,0.241261722,0.53,678464168.0,731454838.0,160814795.0,10767683.0,9583119.0,3207826.0,9052116.0,,99750.0,541.0
heapsort,0,parallel,4,22,0.24330874149999998,0.51,678563229.0,753395769.0,160847821.0,10771916.0,9665923.0,3147064.0,16048909.0,,101751.0,493.0
heapsort,0,parallel,4,23,0.3033948365,0.75,678973607.0,1068943784.0,160822287.0,10778720.0,15498393.0,4158836.0,10883357.0,,110434.0,566.0
heapsort,0,parallel,4,24,0.239701703,0.53,678639519.0,725404238.0,160809475.0,10770167.0,13694884.0,3439023.0,11265040.0,,99199.0,510.0
heapsort,0,parallel,4,25,0.296283129,0.7,678478120.0,742231558.0,160819447.0,10774943.0,12596802.0,3506746.0,11399773.0,,128121.0,532.0
heapsort,0,parallel,4,26,0.2469092025,0.53,678446388.0,781941113.0,160808874.0,10770590.0,16235173.0,4004614.0,9632110.0,,98327.0,530.0
heapsort,0,parallel,4,27,0.244261227,0.48,678485119.0,739657088.0,160821776.0,10771935.0,15144195.0,4246479.0,12684809.0,,102058.0,536.0
heapsort,0,parallel,4,28,0.241367898,0.58,678454797.0,728183425.0,160822647.0,10768166.0,21129459.0,5726279.0,15988732.0,,98704.0,532.0
heapsort,0,parallel,4,29,0.2442145,0.56,678589109.0,742261665.0,160856436.0,10769294.0,9689428.0,3224627.0,9042849.0,,101585.0,534.0
heapsort,0,parallel,4,30,0.2482244835,0.57,678529461.0,792368075.0,160812755.0,10771457.0,21214049.0,5642962.0,9037910.0,,108754.0,527.0
heapsort,0,serial,1,1,0.2251773885,0.57,804060473.0,606501413.0,187183692.0,10729215.0,17840452.0,5542712.0,12668454.0,,124006.0,422.0
heapsort,0,serial,1,2,0.2108751325,0.5,804060580.0,568057227.0,187183676.0,10734940.0,18354033.0,5289498.0,11601357.0,,118596.0,413.0
heapsort,0,serial,1,3,0.23682600399999998,0.61,804060636.0,691585669.0,187183679.0,10726949.0,16003710.0,4726713.0,12557230.0,,126390.0,400.0
heapsort,0,serial,1,4,0.2231147845,0.48,804060457.0,610691806.0,187183690.0,10730455.0,18651916.0,5553443.0,11554219.0,,118256.0,426.0
heapsort,0,serial,1,5,0.217739148,0.47,804060459.0,568122667.0,187183677.0,10732571.0,23605978.0,7587246.0,10870098.0,,116824.0,412.0
heapsort,0,serial,1,6,0.2224574465,0.5,804060451.0,590335305.0,187183684.0,10735051.0,23665242.0,7704383.0,10896910.0,,119380.0,404.0
heapsort,0,serial,1,7,0.217671413,0.49,804060484.0,562432365.0,187183687.0,10738291.0,23452537.0,7511029.0,13483518.0,,119810.0,422.0
heapsort,0,serial,1,8,0.22703948699999998,0.48,804060442.0,621070318.0,187183685.0,10736279.0,11445264.0,4567602.0,10782626.0,,124098.0,413.0
heapsort,0,serial,1,9,0.2114446595,0.45,804060572.0,560258000.0,187183679.0,10737045.0,23530290.0,7498877.0,18178801.0,,120367.0,413.0
heapsort,0,serial,1,10,0.216337124,0.45,804060425.0,566698346.0,187183668.0,10738660.0,23678596.0,7714632.0,10874261.0,,119356.0,406.0
heapsort,0,serial,1,11,0.2190535655,0.46,804060655.0,577134272.0,187183687.0,10736227.0,15183161.0,5558843.0,10945724.0,,117620.0,404.0
heapsort,0,serial,1,12,0.215270644,0.46,804060612.0,572729043.0,187183678.0,10740183.0,11577245.0,4675923.0,18165704.0,,124262.0,416.0
heapsort,0,serial,1,13,0.21562084599999998,0.45,804060439.0,567596241.0,187183674.0,10738752.0,11594393.0,4652444.0,10921290.0,,125231.0,416.0
heapsort,0,serial,1,14,0.223921885,0.48,804060439.0,595961748.0,187183680.0,10737270.0,11530098.0,4523666.0,18086179.0,,117907.0,433.0
heapsort,0,serial,1,15,0.21517332449999999,0.45,804060625.0,575179058.0,187183672.0,10738552.0,23533798.0,7520916.0,10873147.0,,116682.0,426.0
heapsort,0,serial,1,16,0.2156808365,0.45,804060597.0,566070603.0,187183686.0,10735427.0,11631396.0,4685048.0,18238047.0,,120607.0,416.0
heapsort,0,serial,1,17,0.215117171,0.49,804060619.0,570373355.0,187183682.0,10738019.0,23492945.0,7543949.0,18205923.0,,120077.0,417.0
heapsort,0,serial,1,18,0.21582845,0.46,804060609.0,569396474.0,187183690.0,10736118.0,11494367.0,4525909.0,18142956.0,,118510.0,411.0
heapsort,0,serial,1,19,0.2206544465,0.46,804060613.0,585965741.0,187183688.0,10729969.0,13126488.0,5014214.0,18138783.0,,121897.0,409.0
heapsort,0,serial,1,20,0.2153574795,0.43,804060632.0,576424661.0,187183680.0,10735166.0,23506152.0,7420050.0,18210257.0,,117418.0,429.0
heapsort,0,serial,1,21,0.21439443149999998,0.44,804060477.0,572807645.0,187183687.0,10737521.0,23856266.0,7818507.0,18223834.0,,126128.0,413.0
heapsort,0,serial,1,22,0.21780743400000002,0.45,804060582.0,586785915.0,187183676.0,10736440.0,23554456.0,7492683.0,18074395.0,,120277.0,408.0
heapsort,0,serial,1,23,0.21967777300000002,0.45,804060492.0,564622841.0,187183679.0,10740929.0,23516473.0,7520232.0,13000485.0,,118196.0,417.0
heapsort,0,serial,1,24,0.21461099649999998,0.44,804060423.0,568449835.0,187183667.0,10740487.0,23568660.0,7497656.0,10885847.0,,121183.0,407.0
heapsort,0,serial,1,25,0.2157616115,0.47,804060458.0,579953550.0,187183683.0,10730481.0,23510456.0,7537861.0,18076322.0,,120457.0,407.0
heapsort,0,serial,1,26,0.2149766815,0.45,804060423.0,563562268.0,187183666.0,10739523.0,11629060.0,4645851.0,18210107.0,,119961.0,427.0
heapsort,0,serial,1,27,0.2246836015,0.47,804060457.0,562016068.0,187183675.0,10734156.0,23682341.0,7644458.0,12740248.0,,125329.0,404.0
heapsort,0,serial,1,28,0.2130639145,0.45,804060625.0,566940852.0,187183672.0,10739044.0,23636328.0,7579650.0,18204242.0,,124471.0,410.0
heapsort,0,serial,1,29,0.2185572185,0.45,804060439.0,584430526.0,187183678.0,10731085.0,23836490.0,7693220.0,10852421.0,,115790.0,423.0
heapsort,0,serial,1,30,0.2174448395,0.46,804060445.0,590515389.0,187183678.0,10734043.0,23524202.0,7517117.0,18183793.0,,120116.0,415.0
heapsort,3,parallel,4,1,0.299815875,0.62,672563069.0,989817733.0,159923180.0,10819960.0,14137635.0,4054199.0,11109819.0,,101155.0,532.0
heapsort,3,parallel,4,2,0.2425761815,0.62,672653974.0,753715556.0,159882327.0,10817198.0,13403792.0,3384804.0,11054531.0,,96781.0,499.0
heapsort,3,parallel,4,3,0.2706369925,0.68,672460597.0,816052245.0,159928182.0,10820835.0,15933874.0,4163335.0,11767409.0,,104853.0,607.0
heapsort,3,parallel,4,4,0.239979907,0.59,672451851.0,731512388.0,159886050.0,10820044.0,14555192.0,3742749.0,10280624.0,,99535.0,542.0
heapsort,3,parallel,4,5,0.2431545965,0.54,672623033.0,751856662.0,159894581.0,10824787.0,21502170.0,5850541.0,9000169.0,,97733.0,531.0
heapsort,3,parallel,4,6,0.24442804,0.6,672470848.0,733944698.0,159893714.0,10836293.0,14572083.0,3958268.0,16442754.0,,98671.0,492.0
heapsort,3,parallel,4,7,0.24050807899999999,0.55,672484446.0,734797307.0,159891054.0,10838187.0,21730263.0,5867288.0,16396539.0,,96698.0,504.0
heapsort,3,parallel,4,8,0.2417929285,0.54,672524867.0,746297169.0,159913761.0,10820097.0,21722714.0,5870136.0,9003073.0,,98589.0,509.0
heapsort,3,parallel,4,9,0.24470659,0.71,672459570.0,730281946.0,159888623.0,10836030.0,21725616.0,5839215.0,9096342.0,,101977.0,498.0
heapsort,3,parallel,4,10,0.237829862,0.48,672507277.0,721939472.0,159911562.0,10820536.0,21706274.0,6119943.0,16448263.0,,97350.0,482.0
heapsort,3,parallel,4,11,0.241023917,0.49,672468130.0,729304478.0,159891471.0,10818627.0,21537969.0,5799719.0,9002964.0,,101483.0,503.0
heapsort,3,parallel,4,12,0.24657463899999998,0.49,672568065.0,752019535.0,159917176.0,10819307.0,9588242.0,3137022.0,15082789.0,,99207.0,533.0
heapsort,3,parallel,4,13,0.2423693045,0.51,672484279.0,727600965.0,159892329.0,10820938.0,9469491.0,3170338.0,16418462.0,,100666.0,491.0
heapsort,3,parallel,4,14,0.2467733555,0.52,672489501.0,747653369.0,159898604.0,10819660.0,9639618.0,3092471.0,16446650.0,,98633.0,494.0
heapsort,3,parallel,4,15,0.24803588,0.53,672474205.0,743863924.0,159893501.0,10820359.0,9489292.0,3068396.0,16455125.0,,100567.0,533.0
heapsort,3,parallel,4,16,0.244378378,0.53,672483543.0,734235544.0,159914653.0,10823538.0,9581473.0,3197805.0,16444313.0,,98824.0,538.0
heapsort,3,parallel,4,17,0.243123313,0.53,672486423.0,739749134.0,159897575.0,10823085.0,9465550.0,3181326.0,9008474.0,,97276.0,500.0
heapsort,3,parallel,4,18,0.241478167,0.52,672462727.0,741247718.0,159905263.0,10820969.0,21564822.0,5823789.0,8993081.0,,101910.0,495.0
heapsort,3,parallel,4,19,0.24559470700000002,0.51,672461813.0,735748725.0,159889367.0,10822488.0,21885220.0,5945244.0,8999715.0,,96874.0,524.0
heapsort,3,parallel,4,20,0.24700549,0.52,672567029.0,749297249.0,159896626.0,10839926.0,15866418.0,4235539.0,9025186.0,,99253.0,505.0
heapsort,3,parallel,4,21,0.249202131,0.53,672492362.0,740746197.0,159889850.0,10819143.0,21496881.0,5822522.0,9008802.0,,101576.0,489.0
heapsort,3,parallel,4,22,0.2460054465,0.51,672477656.0,734525900.0,159894649.0,10820908.0,21548377.0,5771593.0,8995080.0,,100147.0,533.0
heapsort,3,parallel,4,23,0.2430916495,0.56,672591702.0,750722654.0,159932670.0,10822587.0,9577900.0,3125467.0,16433729.0,,98165.0,497.0
heapsort,3,parallel,4,24,0.238449939,0.52,672474452.0,729313261.0,159900227.0,10816584.0,21560998.0,5833365.0,16368387.0,,99093.0,534.0
heapsort,3,parallel,4,25,0.2499202735,0.51,672491793.0,792290819.0,159885370.0,10821191.0,21628113.0,5818727.0,9008037.0,,102122.0,487.0
heapsort,3,parallel,4,26,0.24542614499999998,0.55,672477789.0,746008350.0,159895676.0,10823115.0,9498705.0,3171673.0,9002636.0,,98293.0,536.0
heapsort,3,parallel,4,27,0.2435009415,0.53,672546859.0,743274852.0,159928887.0,10820951.0,9604096.0,3141375.0,8994916.0,,100653.0,526.0
heapsort,3,parallel,4,28,0.2423744385,0.51,672525807.0,731891681.0,159910700.0,10825248.0,21502912.0,5685097.0,9001233.0,,101620.0,520.0
heapsort,3,parallel,4,29,0.24350581500000001,0.51,672464020.0,740202965.0,159890107.0,10821606.0,21539514.0,5833271.0,9000037.0,,102405.0,500.0
heapsort,3,parallel,4,30,0.24633134899999998,0.52,672930930.0,744671758.0,160045746.0,10820130.0,9609089.0,3096668.0,8993344.0,,98511.0,534.0
heapsort,3,serial,1,1,0.2530468385,0.53,801306359.0,706852218.0,185187509.0,10820190.0,11397218.0,4693141.0,13189951.0,,116555.0,412.0
heapsort,3,serial,1,2,0.225162701,0.47,801306483.0,595595282.0,185187472.0,10810128.0,18176141.0,6226378.0,18304935.0,,114845.0,421.0
heapsort,3,serial,1,3,0.25075696449999996,0.62,801306306.0,654541454.0,185187478.0,10820427.0,16248635.0,5897833.0,12074372.0,,115450.0,426.0
heapsort,3,serial,1,4,0.2171981785,0.5,801306313.0,585723180.0,185187461.0,10810472.0,18149795.0,5373890.0,11113782.0,,112812.0,409.0
heapsort,3,serial,1,5,0.223172637,0.47,801306288.0,597481014.0,185187460.0,10810682.0,11308948.0,4481715.0,18235857.0,,113185.0,409.0
heapsort,3,serial,1,6,0.22834296450000002,0.46,801306444.0,613071907.0,185187474.0,10815939.0,12917788.0,4923999.0,12283669.0,,114907.0,408.0
heapsort,3,serial,1,7,0.22472441199999998,0.5,801306321.0,605420130.0,185187470.0,10811543.0,17356849.0,6231641.0,18244212.0,,116390.0,412.0
heapsort,3,serial,1,8,0.22192528350000001,0.46,801306442.0,592850815.0,185187457.0,10810514.0,12642382.0,4778958.0,18244850.0,,113312.0,435.0
heapsort,3,serial,1,9,0.224351819,0.46,801306467.0,600098874.0,185187468.0,10811706.0,23598770.0,7544222.0,10748583.0,,115973.0,421.0
heapsort,3,serial,1,10,0.22676909299999998,0.47,801306447.0,594769484.0,185187478.0,10814184.0,11325088.0,4489562.0,18250112.0,,113011.0,417.0
heapsort,3,serial,1,11,0.2247913215,0.47,801306458.0,599885373.0,185187468.0,10811922.0,23700025.0,7723136.0,14198928.0,,113427.0,417.0
heapsort,3,serial,1,12,0.2275422405,0.48,801306494.0,612698446.0,185187471.0,10809614.0,20121903.0,6987708.0,18267910.0,,113217.0,409.0
heapsort,3,serial,1,13,0.225243165,0.5,801306300.0,606567439.0,185187464.0,10815848.0,20254992.0,7236526.0,18247424.0,,112979.0,421.0
heapsort,3,serial,1,14,0.224150197,0.46,801306486.0,594335511.0,185187469.0,10816107.0,24356646.0,8070932.0,18256018.0,,115066.0,424.0
heapsort,3,serial,1,15,0.2244452715,0.46,801306466.0,595012768.0,185187461.0,10810533.0,11330127.0,4472232.0,18258635.0,,117720.0,411.0
heapsort,3,serial,1,16,0.22517728850000002,0.46,801306309.0,591242343.0,185187465.0,10811854.0,23794164.0,7767004.0,18193174.0,,112972.0,406.0
heapsort,3,serial,1,17,0.220853033,0.45,801306294.0,588389488.0,185187458.0,10809779.0,23479347.0,7520232.0,18278588.0,,119061.0,419.0
heapsort,3,serial,1,18,0.22392716000000001,0.45,801306444.0,599266588.0,185187464.0,10810343.0,23616589.0,7663689.0,18346521.0,,117518.0,415.0
heapsort,3,serial,1,19,0.22118186,0.46,801306307.0,591570049.0,185187463.0,10811218.0,23792669.0,7720438.0,18227540.0,,114817.0,409.0
heapsort,3,serial,1,20,0.22381118049999998,0.45,801306459.0,603106378.0,185187464.0,10810878.0,23581952.0,7592244.0,10708600.0,,114758.0,436.0
heapsort,3,serial,1,21,0.2213726125,0.45,801306436.0,589817588.0,185187465.0,10810429.0,23725100.0,7686230.0,18270573.0,,114775.0,413.0
heapsort,3,serial,1,22,0.223544303,0.46,801306299.0,603992876.0,185187463.0,10814215.0,23867763.0,7768211.0,18266052.0,,116686.0,418.0
heapsort,3,serial,1,23,0.22242455,0.45,801306308.0,587436332.0,185187464.0,10812821.0,23792078.0,7732103.0,10694551.0,,112354.0,412.0
heapsort,3,serial,1,24,0.221047317,0.46,801306430.0,590254848.0,185187465.0,10811465.0,24038649.0,7978670.0,14378972.0,,114504.0,416.0
heapsort,3,serial,1,25,0.2193518365,0.5,801306467.0,584540861.0,185187459.0,10807255.0,23729713.0,7627593.0,18260031.0,,115195.0,400.0
heapsort,3,serial,1,26,0.22324655799999998,0.46,801306434.0,601304961.0,185187455.0,10813440.0,23617052.0,7586837.0,10759139.0,,116499.0,420.0
heapsort,3,serial,1,27,0.222417327,0.51,801306425.0,591365431.0,185187470.0,10812273.0,11324652.0,4541340.0,18353148.0,,115236.0,396.0
heapsort,3,serial,1,28,0.223325248,0.49,801306450.0,596025301.0,185187469.0,10812354.0,11399867.0,4535234.0,18348806.0,,117623.0,419.0
heapsort,3,serial,1,29,0.22366556199999998,0.49,801306281.0,586723062.0,185187453.0,10812946.0,23740153.0,7701812.0,18412175.0,,122855.0,448.0
heapsort,3,serial,1,30,0.221179952,0.48,801306307.0,587205742.0,185187463.0,10807965.0,23858071.0,7799543.0,18237971.0,,119944.0,396.0
heapsort,5,parallel,4,1,0.3174750165,0.54,672561212.0,1083150421.0,160227203.0,10813554.0,9603784.0,3252350.0,10958363.0,,105276.0,529.0
heapsort,5,parallel,4,2,0.2391649955,0.56,672476848.0,734809983.0,160199000.0,10814258.0,13771468.0,3553746.0,11104832.0,,97783.0,551.0
heapsort,5,parallel,4,3,0.26699931200000004,0.59,672465006.0,805505475.0,160221343.0,10820128.0,15988089.0,4006348.0,12590158.0,,101109.0,542.0
heapsort,5,parallel,4,4,0.236519815,0.54,672471189.0,718900702.0,160197124.0,10813605.0,14099380.0,3447002.0,9659256.0,,97346.0,500.0
heapsort,5,parallel,4,5,0.243070811,0.5,672552926.0,746861303.0,160187541.0,10810454.0,14018803.0,3585565.0,10508691.0,,101838.0,505.0
heapsort,5,parallel,4,6,0.2449026125,0.49,672580452.0,745701589.0,160233535.0,10813097.0,9606914.0,3129670.0,9027405.0,,98285.0,535.0
heapsort,5,parallel,4,7,0.243543605,0.53,672505525.0,727068632.0,160208548.0,10817312.0,22179733.0,6031806.0,9044846.0,,97658.0,488.0
heapsort,5,parallel,4,8,0.243274162,0.49,672488965.0,745927363.0,160203038.0,10816835.0,9590912.0,3098742.0,9017736.0,,100271.0,544.0
heapsort,5,parallel,4,9,0.2451557955,0.49,672529888.0,736801445.0,160197702.0,10816442.0,9553991.0,3161894.0,9047207.0,,97825.0,493.0
heapsort,5,parallel,4,10,0.24493215200000001,0.52,672612552.0,753917843.0,160244240.0,10810032.0,9586314.0,3131352.0,9019486.0,,97371.0,498.0
heapsort,5,parallel,4,11,0.2488839425,0.48,672480794.0,767752144.0,160214868.0,10809821.0,9562489.0,3149409.0,9134560.0,,99974.0,537.0
heapsort,5,parallel,4,12,0.259737282,0.49,672696716.0,835174858.0,160272308.0,10814860.0,9496710.0,3190826.0,9042395.0,,99224.0,495.0
heapsort,5,parallel,4,13,0.242800331,0.51,672594052.0,748837447.0,160238069.0,10813486.0,22221014.0,5934658.0,16922152.0,,96442.0,492.0
heapsort,5,parallel,4,14,0.241006991,0.51,672471050.0,736478222.0,160204440.0,10817162.0,22260983.0,6024379.0,17026689.0,,102862.0,499.0
heapsort,5,parallel,4,15,0.2458944165,0.51,672546483.0,741057314.0,160222203.0,10815374.0,9647912.0,3108138.0,9018504.0,,99487.0,507.0
heapsort,5,parallel,4,16,0.23980874600000002,0.5,672461773.0,723526474.0,160233979.0,10812415.0,9599679.0,3109595.0,16933563.0,,96863.0,503.0
heapsort,5,parallel,4,17,0.2417932345,0.53,672486359.0,727429946.0,160202167.0,10832987.0,22234359.0,6133328.0,9046439.0,,99799.0,498.0
heapsort,5,parallel,4,18,0.242350374,0.51,672542856.0,735208751.0,160205061.0,10816084.0,9612053.0,3068268.0,9019296.0,,97416.0,483.0
heapsort,5,parallel,4,19,0.2533413275,0.51,672486964.0,727058320.0,160226519.0,10811150.0,9616791.0,3205459.0,17001468.0,,99441.0,501.0
heapsort,5,parallel,4,20,0.251455447,0.52,672623134.0,748408943.0,160220986.0,10816097.0,9511590.0,3201649.0,9047272.0,,101861.0,490.0
heapsort,5,parallel,4,21,0.2396590235,0.51,672471869.0,724531111.0,160202060.0,10810129.0,22336051.0,6013542.0,16946336.0,,98209.0,537.0
heapsort,5,parallel,4,22,0.2426011775,0.51,672470095.0,731887399.0,160196734.0,10815503.0,22318359.0,6092703.0,9035595.0,,97281.0,506.0
heapsort,5,parallel,4,23,0.24419335650000001,0.5,672466701.0,733569325.0,160195603.0,10814508.0,22458961.0,6142376.0,10902464.0,,97378.0,531.0
heapsort,5,parallel,4,24,0.2439327645,0.54,672492717.0,752031857.0,160204287.0,10815603.0,9769337.0,3143538.0,17050781.0,,100118.0,503.0
heapsort,5,parallel,4,25,0.2419543925,0.51,672489102.0,740744103.0,160198373.0,10814205.0,22299766.0,6100465.0,9015164.0,,99080.0,548.0
heapsort,5,parallel,4,26,0.245110352,0.52,672543676.0,749360194.0,160232276.0,10813846.0,9612751.0,3150057.0,9014606.0,,97094.0,500.0
heapsort,5,parallel,4,27,0.2833745555,0.57,672495279.0,772989308.0,163736119.0,10810309.0,9471099.0,3164602.0,9016197.0,,97737.0,483.0
heapsort,5,parallel,4,28,0.243338195,0.52,672497881.0,742968376.0,160205994.0,10815781.0,9475588.0,3183401.0,9017139.0,,105983.0,529.0
heapsort,5,parallel,4,29,0.2421765925,0.52,672489203.0,728923828.0,160209462.0,10830907.0,15630910.0,4237986.0,17056028.0,,99302.0,529.0
heapsort,5,parallel,4,30,0.242419066,0.51,672494143.0,722576089.0,160197612.0,10817214.0,9627942.0,3067080.0,16977681.0,,98554.0,504.0
heapsort,5,serial,1,1,0.263511737,0.49,802229700.0,703558495.0,185189376.0,10821046.0,11502941.0,4719730.0,12513483.0,,121257.0,419.0
heapsort,5,serial,1,2,0.22475559950000001,0.47,802229702.0,610371561.0,185189349.0,10812917.0,11564992.0,4565585.0,18706781.0,,114794.0,404.0
heapsort,5,serial,1,3,0.2567588675,0.6,802229852.0,700148309.0,185189362.0,10826560.0,13523211.0,5225636.0,10873213.0,,119741.0,417.0
heapsort,5,serial,1,4,0.22030638349999998,0.46,802229672.0,582245048.0,185189338.0,10810427.0,16890851.0,5325721.0,15821155.0,,116569.0,409.0
heapsort,5,serial,1,5,0.227164853,0.46,802229714.0,613892135.0,185189358.0,10814528.0,24455608.0,7942652.0,10735594.0,,110989.0,409.0
heapsort,5,serial,1,6,0.222713373,0.46,802229675.0,591614387.0,185189341.0,10818286.0,24385744.0,7964548.0,18728842.0,,115460.0,420.0
heapsort,5,serial,1,7,0.2262431265,0.46,802229707.0,607291468.0,185189351.0,10817917.0,12159066.0,4647997.0,18648687.0,,116987.0,418.0
heapsort,5,serial,1,8,0.226350665,0.45,802229694.0,598447115.0,185189344.0,10818854.0,24307216.0,7863274.0,14102989.0,,114219.0,411.0
heapsort,5,serial,1,9,0.22077503450000002,0.52,802229866.0,584927006.0,185189344.0,10813662.0,24450600.0,8187226.0,18769731.0,,117506.0,418.0
heapsort,5,serial,1,10,0.221651302,0.47,802229691.0,588798140.0,185189343.0,10817090.0,24123379.0,7745552.0,18667792.0,,117003.0,416.0
heapsort,5,serial,1,11,0.222514867,0.5,802229692.0,589604809.0,185189341.0,10812829.0,24190205.0,7852825.0,10746273.0,,120277.0,410.0
heapsort,5,serial,1,12,0.22358126099999998,0.47,802229823.0,594105319.0,185189336.0,10816404.0,24169241.0,7760153.0,10771601.0,,120156.0,422.0
heapsort,5,serial,1,13,0.22327422400000002,0.46,802229695.0,589764128.0,185189344.0,10814596.0,11385629.0,4514978.0,18728840.0,,120877.0,418.0
heapsort,5,serial,1,14,0.2228163755,0.46,802229806.0,589428301.0,185189347.0,10820003.0,11512559.0,4484420.0,18752713.0,,115146.0,409.0
heapsort,5,serial,1,15,0.223017509,0.47,802229832.0,590559678.0,185189344.0,10814957.0,24351515.0,7902997.0,10763608.0,,114973.0,412.0
heapsort,5,serial,1,16,0.22228276549999998,0.48,802229837.0,591728131.0,185189343.0,10815588.0,24279608.0,7852451.0,18762450.0,,123098.0,404.0
heapsort,5,serial,1,17,0.22490419150000002,0.48,802229819.0,607030596.0,185189343.0,10817794.0,24215874.0,7736688.0,10757269.0,,119326.0,408.0
heapsort,5,serial,1,18,0.2218538625,0.48,802229704.0,592596426.0,185189346.0,10815885.0,11391441.0,4490837.0,18658271.0,,115123.0,407.0
heapsort,5,serial,1,19,0.22260530750000002,0.48,802229836.0,591790053.0,185189344.0,10814155.0,11388047.0,4520754.0,18688982.0,,120468.0,417.0
heapsort,5,serial,1,20,0.22329105449999997,0.5,802229858.0,598039486.0,185189338.0,10814395.0,24122371.0,7734749.0,10744061.0,,116179.0,425.0
heapsort,5,serial,1,21,0.222533339,0.51,802229836.0,593162019.0,185189333.0,10813925.0,24458781.0,8039058.0,18685046.0,,118027.0,414.0
heapsort,5,serial,1,22,0.223899389,0.48,802229700.0,593374615.0,185189347.0,10817657.0,24072116.0,7648694.0,18711998.0,,120438.0,421.0
heapsort,5,serial,1,23,0.22491619899999998,0.48,802229826.0,594145490.0,185189347.0,10810619.0,11428015.0,4619298.0,18740373.0,,120068.0,415.0
heapsort,5,serial,1,24,0.221602749,0.48,802229804.0,590006989.0,185189336.0,10818669.0,24108720.0,7725796.0,18710942.0,,119887.0,416.0
heapsort,5,serial,1,25,0.226768518,0.48,802229673.0,588608189.0,185189339.0,10815334.0,24269425.0,7868273.0,11916037.0,,120726.0,412.0
heapsort,5,serial,1,26,0.22620919,0.48,802229811.0,616167379.0,185189342.0,10818399.0,24358899.0,7837201.0,10781066.0,,114028.0,410.0
heapsort,5,serial,1,27,0.221530851,0.5,802229816.0,588097380.0,185189343.0,10815433.0,24306216.0,7763542.0,18695150.0,,115042.0,402.0
heapsort,5,serial,1,28,0.222848712,0.48,802229697.0,592912435.0,185189346.0,10817498.0,11471502.0,4746133.0,10760697.0,,117584.0,406.0
heapsort,5,serial,1,29,0.22290368849999997,0.47,802229711.0,597385310.0,185189345.0,10820044.0,15763013.0,5791040.0,18732065.0,,113572.0,419.0
heapsort,5,serial,1,30,0.221502358,0.47,802229806.0,588185709.0,185189345.0,10818414.0,24131811.0,7777607.0,18680859.0,,119203.0,409.0
heapsort,7,parallel,4,1,0.2790999025,0.56,672486426.0,802921220.0,160425159.0,10815461.0,15700726.0,4071240.0,12620349.0,,109961.0,510.0
heapsort,7,parallel,4,2,0.2393726895,0.53,672465758.0,720359814.0,160393343.0,10817875.0,13761765.0,3592813.0,9327070.0,,98270.0,509.0
heapsort,7,parallel,4,3,0.3044432295,0.58,672467428.0,796976405.0,160475002.0,10815887.0,13716665.0,3808122.0,13079679.0,,100845.0,531.0
heapsort,7,parallel,4,4,0.238411543,0.51,672477797.0,728735879.0,160400707.0,10817220.0,13112277.0,3487275.0,11863564.0,,96591.0,504.0
heapsort,7,parallel,4,5,0.2384641755,0.55,672482575.0,727889896.0,160426181.0,10813720.0,19828203.0,5665942.0,17454393.0,,98536.0,497.0
heapsort,7,parallel,4,6,0.24587596750000001,0.49,672527750.0,729449946.0,160405026.0,10817133.0,22964281.0,6248112.0,17470599.0,,101593.0,547.0
heapsort,7,parallel,4,7,0.2466314735,0.51,672570798.0,729792853.0,160415818.0,10815498.0,22841339.0,6165579.0,17421393.0,,98464.0,541.0
heapsort,7,parallel,4,8,0.245989241,0.52,672502438.0,732424043.0,160402350.0,10817638.0,22772848.0,6139895.0,17467202.0,,97664.0,542.0
heapsort,7,parallel,4,9,0.254418344,0.5,672519934.0,770763638.0,160414760.0,10817292.0,9610615.0,3145787.0,9035916.0,,99086.0,496.0
heapsort,7,parallel,4,10,0.24388612399999998,0.51,672507394.0,728928882.0,160410571.0,10816921.0,22929546.0,6375412.0,9049332.0,,97698.0,535.0
heapsort,7,parallel,4,11,0.2501597815,0.51,672484837.0,727992296.0,164051567.0,10815020.0,9502282.0,3267033.0,16983748.0,,96306.0,504.0
heapsort,7,parallel,4,12,0.242044684,0.49,672494938.0,717688959.0,160406421.0,10818213.0,14782569.0,3917030.0,9063357.0,,98923.0,506.0
heapsort,7,parallel,4,13,0.2411692205,0.53,672487714.0,727365779.0,160404019.0,10817697.0,22654610.0,6148670.0,9055389.0,,96505.0,492.0
heapsort,7,parallel,4,14,0.2450799605,0.52,672526253.0,748100413.0,160414156.0,10816536.0,9595749.0,3137332.0,9032761.0,,103120.0,523.0
heapsort,7,parallel,4,15,0.2415310195,0.51,672578426.0,741780208.0,160434256.0,10818204.0,9627191.0,3175883.0,17458042.0,,96478.0,508.0
heapsort,7,parallel,4,16,0.24300661750000002,0.51,672578882.0,744127431.0,160400612.0,10811266.0,22818610.0,6205098.0,9059844.0,,100275.0,526.0
heapsort,7,parallel,4,17,0.2467881935,0.52,672681813.0,771899695.0,160407514.0,10817569.0,22987554.0,6317754.0,9060965.0,,98767.0,504.0
heapsort,7,parallel,4,18,0.24551587600000002,0.52,672496933.0,746743503.0,160407089.0,10816527.0,9527072.0,3214140.0,9036160.0,,98236.0,502.0
heapsort,7,parallel,4,19,0.242551706,0.51,672504286.0,748135982.0,160409032.0,10811487.0,22964646.0,6244538.0,9029019.0,,100616.0,494.0
heapsort,7,parallel,4,20,0.246406994,0.56,672614315.0,739656823.0,160430386.0,10814096.0,9509420.0,3183931.0,9059966.0,,98883.0,541.0
heapsort,7,parallel,4,21,0.2452275035,0.52,672484735.0,741002750.0,160446601.0,10817200.0,9630671.0,3131678.0,9032625.0,,100699.0,533.0
heapsort,7,parallel,4,22,0.246885478,0.53,672588503.0,749779375.0,160412199.0,10816230.0,9583177.0,3114963.0,9050964.0,,97516.0,509.0
heapsort,7,parallel,4,23,0.240701626,0.51,672492899.0,733276889.0,160398371.0,10815461.0,22822959.0,6318034.0,9082069.0,,98377.0,501.0
heapsort,7,parallel,4,24,0.251352346,0.51,673060097.0,783618113.0,160594825.0,10814754.0,9523023.0,3219412.0,9031541.0,,100981.0,535.0
heapsort,7,parallel,4,25,0.243929584,0.53,672488841.0,737781164.0,160404392.0,10816585.0,9836977.0,3134966.0,9045354.0,,107545.0,506.0
heapsort,7,parallel,4,26,0.24175946199999998,0.51,672518376.0,734050908.0,160414965.0,10817685.0,22898797.0,6355365.0,17412110.0,,95653.0,495.0
heapsort,7,parallel,4,27,0.2455926685,0.51,672516549.0,754476204.0,160422336.0,10812710.0,9810663.0,3195788.0,9037388.0,,98348.0,503.0
heapsort,7,parallel,4,28,0.2409003785,0.51,672494681.0,726214661.0,160406333.0,10817510.0,22848370.0,6424835.0,17436471.0,,100072.0,544.0
heapsort,7,parallel,4,29,0.2422849835,0.51,672510346.0,750386476.0,160420913.0,10815342.0,22978068.0,6158080.0,9042419.0,,103045.0,507.0
heapsort,7,parallel,4,30,0.24611114699999997,0.51,672482832.0,768766645.0,160402399.0,10814773.0,9633207.0,3138283.0,17468976.0,,100629.0,487.0
heapsort,7,serial,1,1,0.2628522605,0.5,802842267.0,699031208.0,185190482.0,10834076.0,12011721.0,4668145.0,11237668.0,,113867.0,410.0
heapsort,7,serial,1,2,0.2246994685,0.46,802842234.0,595481727.0,185190439.0,10824374.0,14919034.0,5602799.0,19058823.0,,120533.0,410.0
heapsort,7,serial,1,3,0.258905159,0.6,802842283.0,704685390.0,185190462.0,10826090.0,13688498.0,5170336.0,11517670.0,,116583.0,391.0
heapsort,7,serial,1,4,0.217097705,0.48,802842083.0,583572953.0,185190437.0,10824460.0,16777930.0,5138783.0,11187713.0,,112432.0,418.0
heapsort,7,serial,1,5,0.222082806,0.46,802842111.0,589054396.0,185190449.0,10821913.0,24598657.0,8014058.0,19144023.0,,119499.0,407.0
heapsort,7,serial,1,6,0.2245001645,0.46,802842202.0,604529255.0,185190449.0,10822491.0,24696262.0,7955178.0,11091448.0,,117195.0,418.0
heapsort,7,serial,1,7,0.22678558,0.47,802842210.0,590825339.0,185190440.0,10828936.0,11433171.0,4531695.0,19099435.0,,118549.0,410.0
heapsort,7,serial,1,8,0.22314046650000002,0.44,802842065.0,593091945.0,185190435.0,10811630.0,11487269.0,4660172.0,19196214.0,,119915.0,422.0
heapsort,7,serial,1,9,0.22226800349999998,0.48,802842248.0,596145094.0,185190435.0,10823589.0,24613244.0,7872387.0,10804155.0,,109634.0,424.0
heapsort,7,serial,1,10,0.2230632285,0.47,802842234.0,591958017.0,185190441.0,10823942.0,24713204.0,7858401.0,19091076.0,,111922.0,409.0
heapsort,7,serial,1,11,0.227611702,0.46,802842254.0,607893506.0,185190436.0,10828196.0,11508582.0,4727748.0,10806474.0,,114427.0,445.0
heapsort,7,serial,1,12,0.2235426,0.47,802842197.0,590230536.0,185190438.0,10826008.0,24739549.0,8136525.0,19142410.0,,116118.0,403.0
heapsort,7,serial,1,13,0.222410271,0.46,802842077.0,592360453.0,185190439.0,10822044.0,24751162.0,7964376.0,19193419.0,,118351.0,444.0
heapsort,7,serial,1,14,0.2252226805,0.49,802842200.0,603214744.0,185190437.0,10821363.0,24868918.0,8197159.0,19079708.0,,112488.0,419.0
heapsort,7,serial,1,15,0.2237570365,0.46,802842202.0,594538727.0,185190441.0,10819495.0,24602525.0,7857210.0,19079332.0,,117291.0,420.0
heapsort,7,serial,1,16,0.222943928,0.46,802842198.0,589406914.0,185190439.0,10822110.0,24588490.0,8018907.0,19074170.0,,114074.0,423.0
heapsort,7,serial,1,17,0.222884152,0.46,802842244.0,592761877.0,185190433.0,10826454.0,25013798.0,8303651.0,19116487.0,,113663.0,414.0
heapsort,7,serial,1,18,0.2241647,0.45,802842221.0,598872655.0,185190445.0,10825317.0,24673136.0,7911968.0,19064324.0,,119575.0,408.0
heapsort,7,serial,1,19,0.225272723,0.46,802842211.0,595350883.0,185190450.0,10822207.0,11452752.0,4597137.0,19052864.0,,114916.0,410.0
heapsort,7,serial,1,20,0.22433733900000002,0.49,802842105.0,595018349.0,185190445.0,10822694.0,24748864.0,8180729.0,10787278.0,,114232.0,404.0
heapsort,7,serial,1,21,0.2226361385,0.45,802842230.0,593041058.0,185190437.0,10822498.0,24781508.0,8026707.0,11201723.0,,117396.0,421.0
heapsort,7,serial,1,22,0.22146766299999998,0.46,802842067.0,589953041.0,185190437.0,10824221.0,11458845.0,4534885.0,19107336.0,,117496.0,418.0
heapsort,7,serial,1,23,0.2227028025,0.45,802842095.0,595761255.0,185190446.0,10828930.0,24670166.0,7949083.0,19066812.0,,112686.0,411.0
heapsort,7,serial,1,24,0.220439157,0.46,802842107.0,588412110.0,185190445.0,10826875.0,24823043.0,8128223.0,19084548.0,,115218.0,410.0
heapsort,7,serial,1,25,0.221302899,0.45,802842078.0,590865434.0,185190432.0,10818689.0,24736545.0,7966257.0,19216168.0,,113793.0,405.0
heapsort,7,serial,1,26,0.2235652315,0.45,802842229.0,603289006.0,185190443.0,10821096.0,24925558.0,8041934.0,12779364.0,,120074.0,451.0
heapsort,7,serial,1,27,0.224411721,0.46,802842100.0,598037128.0,185190445.0,10822470.0,24850925.0,8281597.0,10809996.0,,118916.0,408.0
heapsort,7,serial,1,28,0.223199811,0.46,802842257.0,591068384.0,185190439.0,10829423.0,11430068.0,4528648.0,10807307.0,,115382.0,419.0
heapsort,7,serial,1,29,0.22366414950000002,0.46,802842056.0,594451485.0,185190434.0,10823395.0,24523023.0,7774399.0,19164868.0,,120940.0,422.0
heapsort,7,serial,1,30,0.223536859,0.45,802842198.0,591720327.0,185190437.0,10825386.0,11467200.0,4600736.0,19097475.0,,117351.0,418.0
heapsort,11,parallel,4,1,0.305423241,0.53,672458230.0,785717230.0,160680546.0,10817384.0,11243892.0,3516545.0,11252258.0,,100223.0,520.0
heapsort,11,parallel,4,2,0.2411719305,0.5,672458260.0,725951480.0,160673516.0,10822901.0,12091309.0,3245274.0,18290668.0,,98452.0,486.0
heapsort,11,parallel,4,3,0.2749569085,0.61,672530614.0,853111651.0,160690170.0,10817352.0,15232107.0,4039173.0,12189738.0,,103602.0,525.0
heapsort,11,parallel,4,4,0.2387925065,0.49,672474920.0,740382776.0,160683690.0,10810474.0,13158734.0,3281502.0,9070141.0,,99515.0,478.0
heapsort,11,parallel,4,5,0.2429569205,0.48,672459638.0,725571146.0,160670598.0,10821605.0,10548266.0,3330095.0,18377255.0,,101917.0,490.0
heapsort,11,parallel,4,6,0.2428577575,0.48,672483037.0,726887111.0,160674289.0,10819633.0,23840548.0,6477350.0,9082021.0,,97838.0,510.0
heapsort,11,parallel,4,7,0.24657061149999998,0.48,672463855.0,757321376.0,160679345.0,10818423.0,23858304.0,6550691.0,9071860.0,,98247.0,505.0
heapsort,11,parallel,4,8,0.24619136,0.48,672506668.0,744717713.0,160709277.0,10815900.0,9681499.0,3179399.0,9072636.0,,99060.0,505.0
heapsort,11,parallel,4,9,0.25079198999999996,0.48,672610317.0,740341243.0,160716717.0,10820165.0,9670348.0,3167397.0,9082411.0,,100300.0,503.0
heapsort,11,parallel,4,10,0.2440970585,0.5,672461701.0,740604220.0,160691004.0,10814618.0,9685827.0,3114653.0,9091856.0,,99441.0,493.0
heapsort,11,parallel,4,11,0.256527168,0.48,672504949.0,727593211.0,160681591.0,10823967.0,24064705.0,6700089.0,9122291.0,,100507.0,503.0
heapsort,11,parallel,4,12,0.2396074335,0.54,672458783.0,730102730.0,160666205.0,10821163.0,24141544.0,6928040.0,18326258.0,,96981.0,499.0
heapsort,11,parallel,4,13,0.24299112350000002,0.51,672587316.0,742686180.0,160665317.0,10821605.0,9554865.0,3289099.0,9101406.0,,97932.0,505.0
heapsort,11,parallel,4,14,0.24380864000000002,0.51,672469758.0,742435558.0,160662199.0,10819354.0,18631418.0,5691103.0,9098511.0,,106928.0,507.0
heapsort,11,parallel,4,15,0.240206616,0.51,672459942.0,719844752.0,160666581.0,10816494.0,23722942.0,6390778.0,9105328.0,,98620.0,498.0
heapsort,11,parallel,4,16,0.24707609549999998,0.51,672437989.0,772244630.0,160659268.0,10823303.0,10372493.0,3351140.0,18341312.0,,98612.0,522.0
heapsort,11,parallel,4,17,0.240278494,0.51,672452081.0,733596908.0,160663963.0,10814483.0,9642333.0,3206561.0,18319394.0,,100028.0,498.0
heapsort,11,parallel,4,18,0.2388377055,0.54,672464108.0,727614884.0,160667977.0,10820767.0,23895575.0,6512823.0,18350139.0,,97794.0,528.0
heapsort,11,parallel,4,19,0.23958849799999998,0.51,672473576.0,729517898.0,160671126.0,10818643.0,23817150.0,6579413.0,18369693.0,,103064.0,530.0
heapsort,11,parallel,4,20,0.2428913145,0.51,672451490.0,730712156.0,160683610.0,10820162.0,9672985.0,3283173.0,18345235.0,,98205.0,536.0
heapsort,11,parallel,4,21,0.243857946,0.51,672617601.0,751406714.0,160719139.0,10819873.0,9680759.0,3111388.0,9082790.0,,96738.0,507.0
heapsort,11,parallel,4,22,0.24390501850000001,0.51,672510134.0,748997507.0,160683315.0,10819854.0,9678411.0,3262647.0,9110574.0,,105209.0,509.0
heapsort,11,parallel,4,23,0.2428947455,0.5,672475531.0,743216232.0,160667138.0,10815898.0,23946168.0,6534570.0,9087869.0,,98446.0,528.0
heapsort,11,parallel,4,24,0.24632912,0.49,672474229.0,754605200.0,160671356.0,10817843.0,9591223.0,3243909.0,9079779.0,,102150.0,502.0
heapsort,11,parallel,4,25,0.250834008,0.47,672469053.0,732316566.0,160669623.0,10816638.0,23815076.0,6483176.0,9802837.0,,99880.0,518.0
heapsort,11,parallel,4,26,0.242625057,0.47,672467991.0,752753674.0,160669277.0,10820772.0,9651497.0,3100951.0,18303516.0,,96152.0,497.0
heapsort,11,parallel,4,27,0.242305316,0.47,672500957.0,741930754.0,160666234.0,10817534.0,23931291.0,6619032.0,9080025.0,,100453.0,537.0
heapsort,11,parallel,4,28,0.246773381,0.47,672524447.0,741042975.0,160688089.0,10815895.0,9674115.0,3176598.0,9153814.0,,99812.0,530.0
heapsort,11,parallel,4,29,0.2407866185,0.47,672470119.0,720328573.0,160669981.0,10819279.0,23886930.0,6538401.0,9070455.0,,98362.0,570.0
heapsort,11,parallel,4,30,0.240110503,0.48,672512728.0,738480179.0,160684184.0,10818608.0,9671100.0,3171562.0,18303052.0,,104114.0,498.0
heapsort,11,serial,1,1,0.26034482049999996,0.51,803616326.0,697930382.0,185182801.0,10823222.0,11612312.0,4637821.0,12122095.0,,118839.0,431.0
heapsort,11,serial,1,2,0.225067193,0.49,803616282.0,608704068.0,185182768.0,10826986.0,15278873.0,5628611.0,12655718.0,,112060.0,412.0
heapsort,11,serial,1,3,0.255950527,0.58,803616436.0,701349651.0,185182782.0,10824415.0,14469268.0,5588814.0,12318895.0,,120271.0,419.0
heapsort,11,serial,1,4,0.21744551299999998,0.49,803616408.0,577729866.0,185182770.0,10819137.0,19053641.0,5586133.0,11388969.0,,110736.0,420.0
heapsort,11,serial,1,5,0.222845411,0.45,803616437.0,591819257.0,185182767.0,10824211.0,25544503.0,8277788.0,19833017.0,,120818.0,413.0
heapsort,11,serial,1,6,0.223476057,0.48,803616403.0,600920271.0,185182761.0,10824965.0,25878991.0,8418241.0,19860390.0,,120346.0,421.0
heapsort,11,serial,1,7,0.2251465645,0.46,803616268.0,607045359.0,185182760.0,10818926.0,15238758.0,5630527.0,19893833.0,,120290.0,421.0
heapsort,11,serial,1,8,0.225807476,0.5,803616320.0,607160423.0,185182780.0,10821269.0,25807234.0,8629216.0,19820773.0,,115697.0,415.0
heapsort,11,serial,1,9,0.22281362700000001,0.45,803616264.0,593142624.0,185182760.0,10824057.0,25536929.0,8302079.0,19884611.0,,122314.0,406.0
heapsort,11,serial,1,10,0.22458941,0.46,803616278.0,591093466.0,185182765.0,10823889.0,11603518.0,4582178.0,19890388.0,,122107.0,454.0
heapsort,11,serial,1,11,0.2288278405,0.45,803616437.0,620471394.0,185182764.0,10837483.0,11561996.0,4544517.0,12405821.0,,120875.0,442.0
heapsort,11,serial,1,12,0.2281043025,0.47,803616435.0,586199995.0,185182767.0,10822605.0,16361377.0,6103248.0,19825457.0,,116209.0,423.0
heapsort,11,serial,1,13,0.221937738,0.45,803616471.0,591493130.0,185182751.0,10825116.0,25513998.0,8291860.0,17691388.0,,116080.0,445.0
heapsort,11,serial,1,14,0.221987585,0.45,803616301.0,596701767.0,185182767.0,10824477.0,13029175.0,5022678.0,19913957.0,,114465.0,421.0
heapsort,11,serial,1,15,0.22259897499999998,0.45,803616290.0,589448585.0,185182764.0,10824882.0,25752276.0,8347451.0,19889592.0,,119384.0,408.0
heapsort,11,serial,1,16,0.223428228,0.47,803616333.0,596351940.0,185182776.0,10824574.0,11630314.0,4563394.0,11895114.0,,112459.0,419.0
heapsort,11,serial,1,17,0.222629166,0.46,803616403.0,594016934.0,185182763.0,10828635.0,25706900.0,8386572.0,11350668.0,,111091.0,414.0
heapsort,11,serial,1,18,0.222334416,0.47,803616307.0,591821751.0,185182767.0,10827110.0,25519656.0,8242877.0,10856791.0,,118013.0,407.0
heapsort,11,serial,1,19,0.223919311,0.45,803616271.0,593730766.0,185182761.0,10819236.0,25849002.0,8516106.0,10890201.0,,114764.0,414.0
heapsort,11,serial,1,20,0.224034469,0.45,803616293.0,601717348.0,185182767.0,10826219.0,25893036.0,8538452.0,19820074.0,,120994.0,409.0
heapsort,11,serial,1,21,0.22915896800000002,0.46,803616317.0,624284009.0,185182782.0,10824879.0,24209742.0,8453885.0,19856182.0,,119809.0,398.0
heapsort,11,serial,1,22,0.22406424400000002,0.49,803616260.0,594884434.0,185182758.0,10818176.0,11742787.0,4607691.0,19926734.0,,116144.0,406.0
heapsort,11,serial,1,23,0.2213564785,0.48,803616285.0,592097240.0,185182759.0,10825673.0,11555072.0,4549536.0,19883808.0,,119401.0,417.0
heapsort,11,serial,1,24,0.222666425,0.49,803616278.0,588423634.0,185182760.0,10826187.0,25592398.0,8308935.0,10898351.0,,114070.0,406.0
heapsort,11,serial,1,25,0.220908109,0.48,803616438.0,589416694.0,185182753.0,10824769.0,25529388.0,8228452.0,19838020.0,,113665.0,421.0
heapsort,11,serial,1,26,0.222698549,0.52,803616455.0,596166071.0,185182765.0,10829397.0,25773370.0,8472144.0,19914421.0,,121891.0,409.0
heapsort,11,serial,1,27,0.2260445455,0.48,803616468.0,609013878.0,185182764.0,10824818.0,25615223.0,8379963.0,10951666.0,,110217.0,410.0
heapsort,11,serial,1,28,0.22342512250000002,0.49,803616403.0,596730278.0,185182769.0,10825845.0,25520157.0,8350333.0,10965324.0,,115903.0,413.0
heapsort,11,serial,1,29,0.2247124375,0.49,803616432.0,592733243.0,185182767.0,10833778.0,11597880.0,4640810.0,14619653.0,,111233.0,407.0
heapsort,11,serial,1,30,0.224447918,0.51,803616289.0,600237563.0,185182763.0,10826427.0,11549047.0,4597309.0,19828314.0,,114103.0,405.0
mergesort,0,parallel,4,1,0.07032186900000001,0.23,504208851.0,584096141.0,122143849.0,9596750.0,7318101.0,188305.0,3822585.0,,13291.0,507.0
mergesort,0,parallel,4,2,0.0712007065,0.22,505313503.0,596532721.0,122258071.0,9603759.0,7307485.0,177061.0,3823604.0,,13886.0,513.0
mergesort,0,parallel,4,3,0.070143471,0.21,504540110.0,587561143.0,122081490.0,9600279.0,7304419.0,179346.0,3825607.0,,13616.0,520.0
mergesort,0,parallel,4,4,0.0688957945,0.23,504569240.0,588583895.0,122107060.0,9599515.0,7314284.0,185533.0,3822565.0,,13598.0,518.0
mergesort,0,parallel,4,5,0.070282506,0.22,504618027.0,589362357.0,122246765.0,9606568.0,7308054.0,182335.0,3825170.0,,13249.0,515.0
mergesort,0,parallel,4,6,0.06996909500000001,0.22,504552651.0,588156723.0,122086314.0,9598876.0,7304341.0,178451.0,3826560.0,,13571.0,519.0
mergesort,0,parallel,4,7,0.0703129125,0.22,504913160.0,591912257.0,122106266.0,9597734.0,7312581.0,178201.0,3826838.0,,13925.0,515.0
mergesort,0,parallel,4,8,0.0753195735,0.22,511759882.0,661091224.0,124503953.0,9601553.0,7303605.0,192265.0,3823362.0,,13423.0,514.0
mergesort,0,parallel,4,9,0.06885809849999999,0.25,504434153.0,586549950.0,122062032.0,9601352.0,7273172.0,190521.0,3824095.0,,13897.0,524.0
mergesort,0,parallel,4,10,0.0702293165,0.22,504883214.0,589508819.0,122211714.0,9598147.0,7317292.0,180895.0,3823639.0,,13333.0,517.0
mergesort,0,parallel,4,11,0.07026935100000001,0.23,504552786.0,588859147.0,122163329.0,9596787.0,7311431.0,189494.0,3827532.0,,13487.0,521.0
mergesort,0,parallel,4,12,0.0703452575,0.23,504435283.0,589743221.0,122138247.0,9597970.0,7294554.0,189293.0,3823955.0,,13609.0,525.0
mergesort,0,parallel,4,13,0.0704397995,0.22,504157606.0,583036113.0,122179492.0,9602508.0,7287930.0,183790.0,3823618.0,,13508.0,517.0
mergesort,0,parallel,4,14,0.0699976985,0.22,504666768.0,590541793.0,122139564.0,9595483.0,7304213.0,185905.0,3828852.0,,13252.0,575.0
mergesort,0,parallel,4,15,0.0698713325,0.23,505012888.0,587832141.0,122222917.0,9601118.0,7293726.0,189327.0,3824459.0,,13684.0,510.0
mergesort,0,parallel,4,16,0.070310794,0.22,504760744.0,590938963.0,122170895.0,9600290.0,7306178.0,185416.0,3821804.0,,13382.0,529.0
mergesort,0,parallel,4,17,0.0700641875,0.22,504554270.0,588452504.0,122117209.0,9596716.0,7292578.0,186376.0,3822387.0,,13259.0,524.0
mergesort,0,parallel,4,18,0.0697209965,0.22,504951521.0,592942001.0,122228322.0,9597289.0,7307149.0,185920.0,3825945.0,,13659.0,517.0
mergesort,0,parallel,4,19,0.0695521565,0.22,504550034.0,584634728.0,122119075.0,9599540.0,7313040.0,179959.0,3824206.0,,13687.0,526.0
mergesort,0,parallel,4,20,0.0696999775,0.22,504683409.0,589527702.0,122120731.0,9595981.0,7303970.0,185818.0,3824645.0,,13318.0,520.0
mergesort,0,parallel,4,21,0.0706200265,0.22,505332571.0,597554588.0,122073390.0,9599433.0,7294913.0,190040.0,3825341.0,,13344.0,521.0
mergesort,0,parallel,4,22,0.0704137705,0.22,504433727.0,587605141.0,122256594.0,9600151.0,7306320.0,191362.0,3824321.0,,13383.0,512.0
mergesort,0,parallel,4,23,0.07010272949999999,0.22,504622665.0,588934039.0,122106347.0,9600504.0,7308538.0,188943.0,3825837.0,,13510.0,514.0
mergesort,0,parallel,4,24,0.070565149,0.26,504937628.0,592295805.0,122229859.0,9598777.0,7288654.0,184983.0,3826781.0,,13519.0,519.0
mergesort,0,parallel,4,25,0.06964575549999999,0.22,504595888.0,585842615.0,121941063.0,9603515.0,7300242.0,188695.0,3823878.0,,13640.0,516.0
mergesort,0,parallel,4,26,0.070537954,0.22,504998866.0,593565486.0,122172131.0,9597213.0,7290076.0,184667.0,3823639.0,,13385.0,521.0
mergesort,0,parallel,4,27,0.06897924550000001,0.22,504880082.0,592226651.0,122210673.0,9604212.0,7292617.0,184586.0,3823523.0,,13584.0,517.0
mergesort,0,parallel,4,28,0.0702748665,0.22,504563940.0,588894431.0,122105291.0,9598766.0,7288860.0,187376.0,3823962.0,,13548.0,536.0
mergesort,0,parallel,4,29,0.0708054485,0.23,505100682.0,593908310.0,122284209.0,9596884.0,7307446.0,180794.0,3827130.0,,13364.0,531.0
mergesort,0,parallel,4,30,0.0701302765,0.23,504416840.0,587065130.0,122056255.0,9602982.0,7324249.0,184923.0,3819961.0,,13747.0,524.0
mergesort,0,serial,1,1,0.16112279550000003,0.37,497761399.0,419033220.0,121343634.0,9547228.0,6799511.0,298048.0,3531082.0,,14598.0,377.0
mergesort,0,serial,1,2,0.160663118,0.37,497761553.0,415493387.0,121343632.0,9550422.0,6719308.0,293412.0,3526944.0,,14545.0,376.0
mergesort,0,serial,1,3,0.161446286,0.37,497761542.0,418121994.0,121343631.0,9551305.0,6739835.0,292567.0,3529935.0,,14926.0,368.0
mergesort,0,serial,1,4,0.16123082900000002,0.37,497761548.0,419538044.0,121343633.0,9550735.0,6801890.0,292726.0,3531158.0,,15477.0,369.0
mergesort,0,serial,1,5,0.161044743,0.4,497761540.0,418736077.0,121343633.0,9544902.0,6732410.0,294110.0,3532678.0,,15815.0,367.0
mergesort,0,serial,1,6,0.16009143199999998,0.4,497761541.0,416423171.0,121343634.0,9549942.0,6773792.0,297024.0,3527156.0,,15458.0,378.0
mergesort,0,serial,1,7,0.1615541935,0.39,497761555.0,419730772.0,121343633.0,9554015.0,6806495.0,292405.0,3528529.0,,15233.0,372.0
mergesort,0,serial,1,8,0.16082256550000001,0.38,497761542.0,416238722.0,121343633.0,9549260.0,6788758.0,295670.0,3527913.0,,15911.0,382.0
mergesort,0,serial,1,9,0.161339051,0.43,497761398.0,419012339.0,121343633.0,9547320.0,6732101.0,293024.0,3528147.0,,15598.0,375.0
mergesort,0,serial,1,10,0.161349832,0.37,497761555.0,417951365.0,121343633.0,9545794.0,6755584.0,291882.0,3530201.0,,15747.0,376.0
mergesort,0,serial,1,11,0.179337314,0.38,497761439.0,501251465.0,121343666.0,9560286.0,7106614.0,228986.0,3529441.0,,16102.0,363.0
mergesort,0,serial,1,12,0.161241003,0.37,497761542.0,419365865.0,121343635.0,9539513.0,6761658.0,309930.0,3530502.0,,15333.0,373.0
mergesort,0,serial,1,13,0.161156868,0.39,497761575.0,417695452.0,121343634.0,9544544.0,6785076.0,298498.0,3530659.0,,15597.0,382.0
mergesort,0,serial,1,14,0.160971383,0.39,497761554.0,418614425.0,121343631.0,9542858.0,6801766.0,305118.0,3529289.0,,15390.0,396.0
mergesort,0,serial,1,15,0.16149589450000001,0.39,497761400.0,419961531.0,121343635.0,9543443.0,6770534.0,302467.0,3529153.0,,15386.0,379.0
mergesort,0,serial,1,16,0.1612816335,0.4,497761395.0,417693800.0,121343630.0,9545383.0,6751449.0,299118.0,3529888.0,,15905.0,373.0
mergesort,0,serial,1,17,0.16153298300000002,0.44,497761549.0,418062710.0,121343634.0,9548161.0,6770956.0,313039.0,3530291.0,,15718.0,379.0
mergesort,0,serial,1,18,0.1614675935,0.39,497761402.0,418232369.0,121343637.0,9554259.0,6791549.0,294040.0,3529186.0,,16241.0,372.0
mergesort,0,serial,1,19,0.1611658355,0.42,497761552.0,418524825.0,121343631.0,9542910.0,6722137.0,295585.0,3528407.0,,15433.0,386.0
mergesort,0,serial,1,20,0.161482012,0.39,497761551.0,419001537.0,121343638.0,9544902.0,6764693.0,304396.0,3527973.0,,16004.0,376.0
mergesort,0,serial,1,21,0.161607334,0.39,497761552.0,419042598.0,121343639.0,9548329.0,6788774.0,290465.0,3530710.0,,16395.0,370.0
mergesort,0,serial,1,22,0.161535147,0.39,497761396.0,420174438.0,121343631.0,9549119.0,6755194.0,302765.0,3528884.0,,15641.0,380.0
mergesort,0,serial,1,23,0.1617179115,0.39,497761573.0,420057969.0,121343637.0,9547475.0,6748333.0,295168.0,3528986.0,,15545.0,369.0
mergesort,0,serial,1,24,0.16181437599999998,0.44,497761402.0,420005770.0,121343637.0,9549047.0,6739265.0,308296.0,3528793.0,,16268.0,381.0
mergesort,0,serial,1,25,0.1622353835,0.43,497761408.0,421047743.0,121343635.0,9547288.0,6756188.0,312712.0,3535037.0,,15482.0,377.0
mergesort,0,serial,1,26,0.161460139,0.41,497761554.0,419101187.0,121343630.0,9543364.0,6738970.0,303474.0,3530673.0,,15914.0,372.0
mergesort,0,serial,1,27,0.1613406095,0.4,497761544.0,419034207.0,121343634.0,9550608.0,6784315.0,295517.0,3528891.0,,16068.0,372.0
mergesort,0,serial,1,28,0.16199439,0.4,497761407.0,419708494.0,121343634.0,9558525.0,6797928.0,304852.0,3532770.0,,17802.0,378.0
mergesort,0,serial,1,29,0.1625227585,0.4,497761553.0,420256473.0,121343635.0,9544159.0,6794003.0,300986.0,3531649.0,,18717.0,369.0
mergesort,0,serial,1,30,0.161617018,0.38,497761556.0,419335538.0,121343634.0,9547773.0,6809642.0,313632.0,3527762.0,,15160.0,381.0
mergesort,3,parallel,4,1,0.0682166,0.24,495088279.0,570864262.0,118598626.0,9660512.0,7186205.0,182491.0,3762351.0,,13301.0,508.0
mergesort,3,parallel,4,2,0.06823353700000001,0.25,495051893.0,571502117.0,118586502.0,9667267.0,7172840.0,179343.0,3762381.0,,13298.0,526.0
mergesort,3,parallel,4,3,0.067101777,0.23,495487652.0,566611214.0,118731755.0,9669367.0,7191753.0,179582.0,3764181.0,,13551.0,511.0
mergesort,3,parallel,4,4,0.06843060000000001,0.24,495349292.0,573877300.0,118685635.0,9668244.0,7179321.0,178263.0,3762715.0,,13447.0,513.0
mergesort,3,parallel,4,5,0.068269775,0.24,495091168.0,571248478.0,118648947.0,9669129.0,7178590.0,178202.0,3763247.0,,13439.0,509.0
mergesort,3,parallel,4,6,0.0684584575,0.24,494969159.0,569498260.0,118558918.0,9660737.0,7188393.0,176117.0,3760899.0,,13795.0,513.0
mergesort,3,parallel,4,7,0.06856708,0.23,495649352.0,577832055.0,118785656.0,9661905.0,7183088.0,177136.0,3763280.0,,13297.0,512.0
mergesort,3,parallel,4,8,0.06850945750000001,0.27,495237994.0,573503184.0,118693931.0,9661890.0,7178425.0,178123.0,3760298.0,,13432.0,500.0
mergesort,3,parallel,4,9,0.06876233500000001,0.23,495419805.0,574619736.0,118709144.0,9665578.0,7181815.0,179794.0,3760013.0,,13320.0,520.0
mergesort,3,parallel,4,10,0.067434414,0.24,495089580.0,565218368.0,118713666.0,9663294.0,7171429.0,173443.0,3761827.0,,13244.0,515.0
mergesort,3,parallel,4,11,0.0682503535,0.23,495055315.0,570904422.0,118654337.0,9670095.0,7173818.0,185369.0,3764408.0,,13206.0,515.0
mergesort,3,parallel,4,12,0.0683578345,0.24,495364692.0,574635683.0,118690768.0,9654354.0,7177315.0,177604.0,3763866.0,,13499.0,512.0
mergesort,3,parallel,4,13,0.0681943235,0.24,495346605.0,571779513.0,118713338.0,9673379.0,7179029.0,177723.0,3762105.0,,13568.0,498.0
mergesort,3,parallel,4,14,0.0672471785,0.24,495207635.0,566958837.0,118612367.0,9664204.0,7188875.0,174329.0,3762565.0,,13380.0,514.0
mergesort,3,parallel,4,15,0.06815077750000001,0.23,495044254.0,572599426.0,118583954.0,9669366.0,7163014.0,176089.0,3759262.0,,13263.0,513.0
mergesort,3,parallel,4,16,0.0688591855,0.23,495881249.0,579277075.0,118862956.0,9667586.0,7169411.0,179140.0,3758523.0,,13164.0,508.0
mergesort,3,parallel,4,17,0.068368709,0.23,495220520.0,572436150.0,118642711.0,9668065.0,7193310.0,176456.0,3762543.0,,13182.0,510.0
mergesort,3,parallel,4,18,0.0685272905,0.23,495467570.0,575090267.0,118725063.0,9666600.0,7177394.0,177127.0,3761055.0,,13173.0,510.0
mergesort,3,parallel,4,19,0.068471442,0.23,495021172.0,569586280.0,118576253.0,9657147.0,7170901.0,182181.0,3757058.0,,13467.0,510.0
mergesort,3,parallel,4,20,0.06851082950000001,0.23,495296988.0,573420996.0,118668199.0,9661599.0,7179800.0,178278.0,3759328.0,,13495.0,509.0
mergesort,3,parallel,4,21,0.06813232799999999,0.23,495156539.0,573053786.0,118626277.0,9652901.0,7167510.0,178200.0,3759190.0,,13651.0,504.0
mergesort,3,parallel,4,22,0.0682822825,0.23,495477546.0,575737103.0,118728389.0,9682702.0,7182618.0,178882.0,3760188.0,,13544.0,516.0
mergesort,3,parallel,4,23,0.0683953895,0.25,495534086.0,576311374.0,118747232.0,9665353.0,7185189.0,188408.0,3758067.0,,13498.0,507.0
mergesort,3,parallel,4,24,0.068187461,0.23,495235865.0,574181090.0,118647822.0,9654585.0,7179648.0,192781.0,3762635.0,,13571.0,519.0
mergesort,3,parallel,4,25,0.06636228,0.23,495156375.0,563711442.0,118621326.0,9663811.0,7181933.0,175126.0,3761715.0,,13192.0,519.0
mergesort,3,parallel,4,26,0.0678289,0.24,495583552.0,572150260.0,118763718.0,9667257.0,7199761.0,178639.0,3761480.0,,13729.0,515.0
mergesort,3,parallel,4,27,0.0682703605,0.23,495091633.0,573511283.0,118610660.0,9661920.0,7171838.0,176108.0,3755128.0,,13412.0,517.0
mergesort,3,parallel,4,28,0.06794638,0.22,495148246.0,572072722.0,118602041.0,9670428.0,7160108.0,180956.0,3762001.0,,13453.0,511.0
mergesort,3,parallel,4,29,0.0688830255,0.24,495663165.0,579061293.0,118678590.0,9668251.0,7179667.0,177381.0,3760196.0,,13578.0,517.0
mergesort,3,parallel,4,30,0.06819777,0.23,495193854.0,572845799.0,118633822.0,9663431.0,7199329.0,177850.0,3763156.0,,13410.0,518.0
mergesort,3,serial,1,1,0.160468449,0.42,489672670.0,417537621.0,118299225.0,9623290.0,6621906.0,308820.0,3468261.0,,17374.0,355.0
mergesort,3,serial,1,2,0.1612647495,0.41,489672663.0,417928654.0,118299227.0,9619398.0,6670576.0,286248.0,3472613.0,,22124.0,397.0
mergesort,3,serial,1,3,0.1598352185,0.38,489672680.0,415489938.0,118299231.0,9613607.0,6624879.0,292623.0,3465720.0,,15196.0,380.0
mergesort,3,serial,1,4,0.1599496235,0.36,489672510.0,413333438.0,118299222.0,9607157.0,6624962.0,301002.0,3466397.0,,14936.0,379.0
mergesort,3,serial,1,5,0.1602182165,0.39,489672528.0,415363225.0,118299232.0,9616526.0,6630862.0,295206.0,3468442.0,,17027.0,394.0
mergesort,3,serial,1,6,0.160025628,0.37,489672526.0,414614525.0,118299230.0,9605302.0,6633569.0,292192.0,3465100.0,,16404.0,400.0
mergesort,3,serial,1,7,0.160424563,0.37,489672670.0,415329463.0,118299226.0,9624564.0,6635398.0,304857.0,3468865.0,,17484.0,385.0
mergesort,3,serial,1,8,0.159832643,0.37,489672526.0,413811737.0,118299230.0,9621237.0,6643502.0,292955.0,3466072.0,,14633.0,374.0
mergesort,3,serial,1,9,0.160017016,0.37,489672522.0,415213023.0,118299226.0,9607048.0,6691922.0,292557.0,3467286.0,,15790.0,370.0
mergesort,3,serial,1,10,0.159979111,0.38,489672517.0,415818395.0,118299229.0,9616307.0,6611917.0,297505.0,3465417.0,,14636.0,385.0
mergesort,3,serial,1,11,0.159953937,0.37,489672671.0,414323462.0,118299223.0,9621565.0,6689849.0,294016.0,3467186.0,,15666.0,369.0
mergesort,3,serial,1,12,0.1597427815,0.37,489672663.0,413922749.0,118299226.0,9616137.0,6667856.0,294779.0,3466230.0,,15822.0,371.0
mergesort,3,serial,1,13,0.16046049299999998,0.37,489672656.0,415939923.0,118299237.0,9614107.0,6604246.0,305066.0,3465692.0,,15379.0,381.0
mergesort,3,serial,1,14,0.160321435,0.37,489672523.0,414827803.0,118299227.0,9612274.0,6676846.0,296622.0,3467338.0,,15200.0,378.0
mergesort,3,serial,1,15,0.16023776550000002,0.37,489672691.0,416786608.0,118299228.0,9613956.0,6623886.0,293297.0,3467153.0,,16120.0,386.0
mergesort,3,serial,1,16,0.15973776699999997,0.36,489672667.0,415687193.0,118299221.0,9614495.0,6631096.0,301322.0,3466589.0,,15100.0,380.0
mergesort,3,serial,1,17,0.160247264,0.37,489672658.0,415119176.0,118299225.0,9614111.0,6610790.0,295064.0,3464748.0,,16243.0,378.0
mergesort,3,serial,1,18,0.160289031,0.38,489672669.0,415931723.0,118299224.0,9615101.0,6636284.0,303413.0,3467147.0,,15773.0,368.0
mergesort,3,serial,1,19,0.1600578915,0.37,489672512.0,414454494.0,118299224.0,9611330.0,6646538.0,288802.0,3465275.0,,15520.0,377.0
mergesort,3,serial,1,20,0.160631204,0.37,489672519.0,416644690.0,118299231.0,9613491.0,6617404.0,290369.0,3464325.0,,15490.0,386.0
mergesort,3,serial,1,21,0.159918512,0.37,489672670.0,413335965.0,118299225.0,9612629.0,6667448.0,295421.0,3465818.0,,15735.0,373.0
mergesort,3,serial,1,22,0.1600738725,0.37,489672538.0,416079952.0,118299226.0,9611691.0,6637553.0,301212.0,3464436.0,,15044.0,385.0
mergesort,3,serial,1,23,0.1606821795,0.39,489672514.0,416673935.0,118299226.0,9606741.0,6682899.0,294308.0,3468293.0,,16614.0,384.0
mergesort,3,serial,1,24,0.159389211,0.39,489672528.0,413767417.0,118299232.0,9626170.0,6617142.0,300651.0,3469770.0,,15078.0,379.0
mergesort,3,serial,1,25,0.160077515,0.39,489672671.0,414577408.0,118299227.0,9616154.0,6689616.0,277111.0,3466259.0,,15096.0,377.0
mergesort,3,serial,1,26,0.159810429,0.39,489672672.0,414721942.0,118299230.0,9605081.0,6669758.0,297321.0,3466643.0,,15595.0,365.0
mergesort,3,serial,1,27,0.16011999850000003,0.39,489672658.0,416042299.0,118299228.0,9611311.0,6624968.0,299324.0,3466444.0,,15390.0,379.0
mergesort,3,serial,1,28,0.15999480249999998,0.39,489672656.0,414687756.0,118299234.0,9614224.0,6700141.0,296321.0,3465246.0,,14735.0,378.0
mergesort,3,serial,1,29,0.1603448405,0.39,489672672.0,416383543.0,118299229.0,9611249.0,6624121.0,295848.0,3466233.0,,16057.0,372.0
mergesort,3,serial,1,30,0.1603386635,0.43,489672536.0,416315314.0,118299234.0,9614506.0,6594004.0,309222.0,3465414.0,,14620.0,373.0
mergesort,5,parallel,4,1,0.0676918195,0.21,494158241.0,563839486.0,118262259.0,9574297.0,7191710.0,181125.0,3761410.0,,13129.0,505.0
mergesort,5,parallel,4,2,0.0672857205,0.22,493725972.0,560613764.0,118045221.0,9551834.0,7178945.0,181335.0,3762454.0,,13387.0,505.0
mergesort,5,parallel,4,3,0.0651871845,0.21,493670871.0,556714587.0,118026852.0,9560949.0,7176983.0,183580.0,3761077.0,,13459.0,513.0
mergesort,5,parallel,4,4,0.0676436145,0.22,494061398.0,565156615.0,118157025.0,9567814.0,7187015.0,185645.0,3761887.0,,13451.0,505.0
mergesort,5,parallel,4,5,0.06652021,0.22,494232613.0,559202115.0,118214099.0,9562169.0,7185258.0,179156.0,3762694.0,,13380.0,521.0
mergesort,5,parallel,4,6,0.06682315150000001,0.24,493993758.0,564445374.0,118037236.0,9561985.0,7199537.0,182372.0,3757129.0,,13431.0,528.0
mergesort,5,parallel,4,7,0.06820819950000001,0.23,494388728.0,566508296.0,118266141.0,9581809.0,7186342.0,177839.0,3763548.0,,13561.0,514.0
mergesort,5,parallel,4,8,0.0681771865,0.23,493971039.0,564045462.0,118235647.0,9558157.0,7168618.0,196101.0,3760851.0,,13253.0,502.0
mergesort,5,parallel,4,9,0.067196258,0.22,493855093.0,561395940.0,118055249.0,9565017.0,7187552.0,180772.0,3762829.0,,13305.0,511.0
mergesort,5,parallel,4,10,0.0675787085,0.23,493834100.0,562364588.0,118081260.0,9574770.0,7177607.0,175231.0,3761068.0,,13457.0,529.0
mergesort,5,parallel,4,11,0.0665320825,0.21,494113540.0,557031095.0,118174404.0,9562772.0,7187652.0,176587.0,3758832.0,,13622.0,520.0
mergesort,5,parallel,4,12,0.0679722585,0.22,493746268.0,561009091.0,118338867.0,9568705.0,7191623.0,178122.0,3759666.0,,13621.0,516.0
mergesort,5,parallel,4,13,0.0678827565,0.21,494199509.0,565620322.0,118203058.0,9566782.0,7183775.0,180460.0,3763324.0,,13437.0,517.0
mergesort,5,parallel,4,14,0.0671168605,0.22,493576598.0,558443577.0,117995423.0,9548370.0,7189304.0,180211.0,3761794.0,,13377.0,528.0
mergesort,5,parallel,4,15,0.065438459,0.22,493736958.0,554362151.0,118048876.0,9563875.0,7159217.0,200876.0,3761054.0,,13584.0,518.0
mergesort,5,parallel,4,16,0.067540903,0.21,493760738.0,560377422.0,118203860.0,9557624.0,7167789.0,196064.0,3761522.0,,13422.0,502.0
mergesort,5,parallel,4,17,0.06708213,0.24,494088633.0,564473059.0,118027133.0,9561133.0,7171891.0,180694.0,3758974.0,,13631.0,517.0
mergesort,5,parallel,4,18,0.0674663685,0.23,494049439.0,563585844.0,118074270.0,9561862.0,7167806.0,188044.0,3765227.0,,13859.0,523.0
mergesort,5,parallel,4,19,0.06733686650000001,0.22,494231089.0,565193584.0,118225734.0,9565046.0,7173038.0,177343.0,3763353.0,,13389.0,518.0
mergesort,5,parallel,4,20,0.0672967265,0.21,493806594.0,561098214.0,118047538.0,9562372.0,7174732.0,183325.0,3763220.0,,13563.0,510.0
mergesort,5,parallel,4,21,0.067235532,0.21,493815272.0,560875335.0,118074983.0,9550073.0,7152999.0,192089.0,3760190.0,,13346.0,511.0
mergesort,5,parallel,4,22,0.0674840665,0.21,494244851.0,565703786.0,118199247.0,9566068.0,7177223.0,176876.0,3760307.0,,13319.0,510.0
mergesort,5,parallel,4,23,0.06729664099999999,0.22,494242601.0,562939825.0,118110213.0,9570451.0,7171570.0,179309.0,3759046.0,,13443.0,519.0
mergesort,5,parallel,4,24,0.0671992445,0.21,493732489.0,558266900.0,118035744.0,9561172.0,7188579.0,177663.0,3760460.0,,13374.0,521.0
mergesort,5,parallel,4,25,0.0667534615,0.22,493852004.0,561133621.0,118087225.0,9570722.0,7169109.0,186142.0,3766413.0,,13688.0,496.0
mergesort,5,parallel,4,26,0.066578995,0.22,494320730.0,566149419.0,118243475.0,9570017.0,7196896.0,178017.0,3759169.0,,13327.0,517.0
mergesort,5,parallel,4,27,0.06718286849999999,0.21,493781446.0,560279168.0,118062463.0,9566264.0,7181737.0,178826.0,3760502.0,,13411.0,512.0
mergesort,5,parallel,4,28,0.0662554905,0.22,493658601.0,554588273.0,118120123.0,9568598.0,7179587.0,179525.0,3761629.0,,13204.0,522.0
mergesort,5,parallel,4,29,0.0663950565,0.22,493910371.0,560961485.0,118106682.0,9564656.0,7189182.0,179709.0,3758063.0,,13616.0,515.0
mergesort,5,parallel,4,30,0.06772250199999999,0.22,494150051.0,565401785.0,118186582.0,9576408.0,7170881.0,176742.0,3763719.0,,13252.0,514.0
mergesort,5,serial,1,1,0.1586511945,0.38,489076414.0,409835710.0,118001211.0,9498526.0,6660169.0,292103.0,3467334.0,,16060.0,372.0
mergesort,5,serial,1,2,0.158544089,0.37,489076559.0,411021484.0,118001219.0,9498126.0,6658667.0,287288.0,3467218.0,,15136.0,385.0
mergesort,5,serial,1,3,0.1583671505,0.36,489076400.0,411430655.0,118001213.0,9505544.0,6605830.0,303356.0,3466645.0,,14823.0,377.0
mergesort,5,serial,1,4,0.1586508895,0.36,489076557.0,410197717.0,118001219.0,9512660.0,6678572.0,298205.0,3465249.0,,15286.0,377.0
mergesort,5,serial,1,5,0.159097713,0.37,489076432.0,411414053.0,118001223.0,9517254.0,6624641.0,298323.0,3464982.0,,15179.0,366.0
mergesort,5,serial,1,6,0.158915089,0.36,489076572.0,411641450.0,118001219.0,9524012.0,6637590.0,297029.0,3465824.0,,17309.0,394.0
mergesort,5,serial,1,7,0.15924311400000002,0.37,489076560.0,413025165.0,118001221.0,9505319.0,6639885.0,291590.0,3464841.0,,17253.0,389.0
mergesort,5,serial,1,8,0.158917193,0.38,489076543.0,411370332.0,118001220.0,9522310.0,6660222.0,292546.0,3465612.0,,16938.0,387.0
mergesort,5,serial,1,9,0.159165897,0.36,489076420.0,412292139.0,118001219.0,9502932.0,6614467.0,291322.0,3471799.0,,17424.0,385.0
mergesort,5,serial,1,10,0.158323921,0.38,489076423.0,410959850.0,118001220.0,9515110.0,6657566.0,289385.0,3477857.0,,16985.0,388.0
mergesort,5,serial,1,11,0.15790479699999999,0.37,489076409.0,410725779.0,118001222.0,9520574.0,6681167.0,295813.0,3465541.0,,16490.0,387.0
mergesort,5,serial,1,12,0.158182869,0.38,489076403.0,409121867.0,118001216.0,9511162.0,6646188.0,291215.0,3464916.0,,15652.0,394.0
mergesort,5,serial,1,13,0.15773106,0.42,489076548.0,410994669.0,118001216.0,9498950.0,6640228.0,298345.0,3466150.0,,16705.0,391.0
mergesort,5,serial,1,14,0.158576402,0.38,489076405.0,411835182.0,118001218.0,9491614.0,6638677.0,297879.0,3467143.0,,16917.0,386.0
mergesort,5,serial,1,15,0.158524601,0.37,489076550.0,412732740.0,118001220.0,9499070.0,6663932.0,294707.0,3465671.0,,14504.0,396.0
mergesort,5,serial,1,16,0.158503284,0.37,489076417.0,410243611.0,118001222.0,9517060.0,6608095.0,299164.0,3464691.0,,15310.0,393.0
mergesort,5,serial,1,17,0.15883646950000002,0.38,489076404.0,411631732.0,118001217.0,9527182.0,6634146.0,295012.0,3464712.0,,15004.0,388.0
mergesort,5,serial,1,18,0.158220618,0.37,489076413.0,411181782.0,118001218.0,9510942.0,6641371.0,305159.0,3465282.0,,15072.0,381.0
mergesort,5,serial,1,19,0.1589158655,0.36,489076544.0,411368825.0,118001217.0,9525402.0,6656374.0,289463.0,3464245.0,,15196.0,382.0
mergesort,5,serial,1,20,0.1589840245,0.37,489076575.0,412478413.0,118001217.0,9508800.0,6662361.0,296487.0,3464410.0,,15084.0,373.0
mergesort,5,serial,1,21,0.158746608,0.38,489076548.0,410472918.0,118001216.0,9511408.0,6684987.0,284146.0,3465599.0,,14848.0,375.0
mergesort,5,serial,1,22,0.1584251455,0.38,489076566.0,410776939.0,118001221.0,9509568.0,6655826.0,299828.0,3466098.0,,15333.0,378.0
mergesort,5,serial,1,23,0.15902143800000001,0.38,489076399.0,411300889.0,118001212.0,9513488.0,6689128.0,298222.0,3465870.0,,15268.0,379.0
mergesort,5,serial,1,24,0.158760099,0.38,489076547.0,411553424.0,118001216.0,9515485.0,6678120.0,284327.0,3465909.0,,15328.0,375.0
mergesort,5,serial,1,25,0.159105909,0.39,489076561.0,412181751.0,118001220.0,9509283.0,6656459.0,293028.0,3465575.0,,15258.0,373.0
mergesort,5,serial,1,26,0.160743049,0.42,489076566.0,421273281.0,118001219.0,9491603.0,6676694.0,309890.0,3586605.0,,22741.0,379.0
mergesort,5,serial,1,27,0.1587822025,0.39,489076404.0,412258231.0,118001217.0,9517945.0,6612657.0,297331.0,3464961.0,,15355.0,383.0
mergesort,5,serial,1,28,0.159087543,0.39,489076431.0,411998682.0,118001222.0,9508976.0,6610718.0,289257.0,3465995.0,,15407.0,377.0
mergesort,5,serial,1,29,0.1583836335,0.39,489076559.0,412372280.0,118001214.0,9516718.0,6670898.0,292066.0,3465397.0,,15234.0,380.0
mergesort,5,serial,1,30,0.15834417099999998,0.39,489076547.0,411382978.0,118001218.0,9509286.0,6621060.0,295775.0,3465380.0,,15084.0,366.0
mergesort,7,parallel,4,1,0.066667841,0.23,493234319.0,556473592.0,117658119.0,9458096.0,7199401.0,187015.0,3760736.0,,13450.0,525.0
mergesort,7,parallel,4,2,0.0662995985,0.25,493377934.0,553274604.0,117862139.0,9462548.0,7178521.0,177749.0,3761452.0,,13430.0,518.0
mergesort,7,parallel,4,3,0.066893538,0.21,493013446.0,553766312.0,117681730.0,9459236.0,7168359.0,183145.0,3761297.0,,13307.0,517.0
mergesort,7,parallel,4,4,0.06673802749999999,0.21,493130611.0,555881572.0,117779695.0,9473368.0,7185508.0,177600.0,3760486.0,,13444.0,510.0
mergesort,7,parallel,4,5,0.06665109450000001,0.21,493421276.0,554796841.0,117986749.0,9464287.0,7174909.0,184880.0,3755395.0,,13683.0,518.0
mergesort,7,parallel,4,6,0.06674816650000001,0.23,492953443.0,553432211.0,117720639.0,9467670.0,7182124.0,180966.0,3759297.0,,13572.0,523.0
mergesort,7,parallel,4,7,0.0667024155,0.26,492995567.0,548063373.0,117734677.0,9466227.0,7158587.0,181409.0,3758283.0,,13247.0,513.0
mergesort,7,parallel,4,8,0.065625063,0.23,493475376.0,552141353.0,117658511.0,9448431.0,7178730.0,185329.0,3760788.0,,13849.0,524.0
mergesort,7,parallel,4,9,0.0669917465,0.21,493128882.0,555341969.0,117879345.0,9460869.0,7177543.0,182033.0,3762183.0,,13683.0,528.0
mergesort,7,parallel,4,10,0.066584896,0.22,493055133.0,554241170.0,117688881.0,9459747.0,7188634.0,184164.0,3762122.0,,13502.0,501.0
mergesort,7,parallel,4,11,0.0663236025,0.22,492980504.0,552338819.0,117723040.0,9458591.0,7188696.0,180061.0,3761246.0,,13383.0,515.0
mergesort,7,parallel,4,12,0.06535297400000001,0.22,493025350.0,553530919.0,117768599.0,9468586.0,7174249.0,185629.0,3759593.0,,13647.0,499.0
mergesort,7,parallel,4,13,0.06734417549999999,0.22,493652249.0,560534468.0,117953581.0,9435879.0,7164374.0,191507.0,3761612.0,,13327.0,518.0
mergesort,7,parallel,4,14,0.0982244605,0.22,493430025.0,558387296.0,131140932.0,9479196.0,7156539.0,205548.0,3763018.0,,13609.0,497.0
mergesort,7,parallel,4,15,0.0665648985,0.22,493025008.0,553129039.0,117759091.0,9460384.0,7178620.0,180168.0,3762035.0,,13214.0,511.0
mergesort,7,parallel,4,16,0.06647337249999999,0.22,492824360.0,552092277.0,117701733.0,9461314.0,7185826.0,183459.0,3760534.0,,12995.0,511.0
mergesort,7,parallel,4,17,0.0666055,0.22,492840249.0,551244510.0,117682906.0,9464219.0,7184208.0,179449.0,3760046.0,,13211.0,515.0
mergesort,7,parallel,4,18,0.066844045,0.22,493169361.0,555273950.0,117792613.0,9470150.0,7130002.0,181361.0,3761943.0,,13469.0,514.0
mergesort,7,parallel,4,19,0.06643536150000001,0.22,495263960.0,566210217.0,118490816.0,9467640.0,7174575.0,182910.0,3757146.0,,13372.0,502.0
mergesort,7,parallel,4,20,0.065909459,0.22,492966339.0,552484647.0,117724939.0,9451119.0,7167402.0,187116.0,3758516.0,,13083.0,519.0
mergesort,7,parallel,4,21,0.0665908475,0.22,492711262.0,549969034.0,117754046.0,9461353.0,7172636.0,184578.0,3762212.0,,13233.0,521.0
mergesort,7,parallel,4,22,0.066733819,0.23,493206270.0,555105897.0,117814077.0,9467276.0,7174199.0,180015.0,3763899.0,,13373.0,508.0
mergesort,7,parallel,4,23,0.066513688,0.23,492790920.0,551432153.0,117719012.0,9458537.0,7186335.0,178596.0,3761916.0,,13132.0,516.0
mergesort,7,parallel,4,24,0.0668301745,0.24,493176070.0,556086622.0,117794849.0,9468555.0,7182178.0,187311.0,3764810.0,,13424.0,515.0
mergesort,7,parallel,4,25,0.06667146800000001,0.24,493005818.0,554125198.0,117738095.0,9462925.0,7158240.0,181692.0,3759488.0,,13064.0,503.0
mergesort,7,parallel,4,26,0.066716422,0.24,493371884.0,557041310.0,117860120.0,9465615.0,7164033.0,181413.0,3758840.0,,13338.0,501.0
mergesort,7,parallel,4,27,0.06528222950000001,0.24,492882265.0,552553210.0,117696913.0,9473853.0,7175682.0,180970.0,3763953.0,,13484.0,523.0
mergesort,7,parallel,4,28,0.066122595,0.24,493092890.0,551461761.0,117767126.0,9459107.0,7171442.0,174235.0,3760097.0,,13216.0,516.0
mergesort,7,parallel,4,29,0.066873499,0.23,493305383.0,557486403.0,117731749.0,9474411.0,7181444.0,179077.0,3759580.0,,13240.0,532.0
mergesort,7,parallel,4,30,0.0664423485,0.23,494006446.0,563362931.0,118071641.0,9465019.0,7160885.0,183094.0,3761868.0,,13338.0,511.0
mergesort,7,serial,1,1,0.157445919,0.37,488673989.0,405347438.0,117800005.0,9405847.0,6679404.0,290665.0,3468314.0,,16129.0,380.0
mergesort,7,serial,1,2,0.157723801,0.37,488673978.0,407281982.0,117800002.0,9395133.0,6607976.0,295988.0,3465232.0,,15858.0,364.0
mergesort,7,serial,1,3,0.1570530665,0.43,488674127.0,406857179.0,117800003.0,9396818.0,6679709.0,296109.0,3464875.0,,15720.0,373.0
mergesort,7,serial,1,4,0.157048092,0.36,488674129.0,407167915.0,117800002.0,9425603.0,6679940.0,292859.0,3465357.0,,14764.0,367.0
mergesort,7,serial,1,5,0.1574231795,0.36,488674121.0,408683502.0,117800000.0,9412269.0,6633900.0,295690.0,3465507.0,,15316.0,379.0
mergesort,7,serial,1,6,0.1573987215,0.37,488673971.0,407843220.0,117799995.0,9397183.0,6604261.0,305400.0,3464622.0,,14895.0,381.0
mergesort,7,serial,1,7,0.1575335565,0.36,488673995.0,408453872.0,117800005.0,9412984.0,6649304.0,302574.0,3465363.0,,15914.0,373.0
mergesort,7,serial,1,8,0.1574241965,0.38,488674140.0,407433931.0,117800005.0,9418686.0,6659236.0,293071.0,3466633.0,,15493.0,371.0
mergesort,7,serial,1,9,0.157094493,0.37,488673976.0,407411293.0,117800000.0,9422301.0,6637692.0,290334.0,3463953.0,,15432.0,371.0
mergesort,7,serial,1,10,0.1569100705,0.37,488674009.0,407815939.0,117800011.0,9416557.0,6624629.0,299578.0,3464807.0,,14992.0,374.0
mergesort,7,serial,1,11,0.157548,0.37,488674131.0,408251017.0,117800003.0,9412552.0,6608977.0,303135.0,3465125.0,,15277.0,379.0
mergesort,7,serial,1,12,0.15678445800000002,0.37,488673974.0,403437796.0,117799998.0,9408408.0,6626129.0,295539.0,3468846.0,,15682.0,367.0
mergesort,7,serial,1,13,0.1571560135,0.36,488673978.0,407563003.0,117800002.0,9399299.0,6648543.0,293794.0,3465681.0,,15504.0,387.0
mergesort,7,serial,1,14,0.1572348995,0.37,488673987.0,407326514.0,117800003.0,9413510.0,6644241.0,293696.0,3465669.0,,15562.0,372.0
mergesort,7,serial,1,15,0.157081698,0.36,488673973.0,406668417.0,117799997.0,9414003.0,6632765.0,298702.0,3466495.0,,15366.0,372.0
mergesort,7,serial,1,16,0.1572889955,0.42,488674117.0,406723667.0,117800003.0,9410281.0,6610947.0,293975.0,3468840.0,,15862.0,372.0
mergesort,7,serial,1,17,0.157068197,0.36,488674116.0,406224060.0,117800001.0,9430202.0,6666356.0,304119.0,3465579.0,,15351.0,379.0
mergesort,7,serial,1,18,0.156991661,0.37,488673980.0,407303949.0,117800004.0,9394249.0,6656912.0,287592.0,3464925.0,,16092.0,380.0
mergesort,7,serial,1,19,0.156394916,0.36,488673976.0,404288863.0,117800000.0,9401723.0,6669336.0,298208.0,3465610.0,,15890.0,373.0
mergesort,7,serial,1,20,0.15689783699999998,0.38,488673974.0,404870116.0,117799998.0,9410990.0,6662712.0,294783.0,3465791.0,,16550.0,382.0
mergesort,7,serial,1,21,0.157410646,0.36,488673993.0,407969080.0,117800009.0,9406984.0,6693318.0,301699.0,3464413.0,,15514.0,385.0
mergesort,7,serial,1,22,0.157426841,0.36,488674136.0,407958482.0,117799998.0,9412340.0,6666875.0,291002.0,3465514.0,,15278.0,387.0
mergesort,7,serial,1,23,0.157684863,0.39,488674132.0,405893918.0,117800011.0,9420445.0,6650602.0,298051.0,3466619.0,,16447.0,379.0
mergesort,7,serial,1,24,0.1570375885,0.39,488673990.0,406795083.0,117800006.0,9415750.0,6635770.0,303211.0,3464517.0,,15318.0,375.0
mergesort,7,serial,1,25,0.15762760650000002,0.39,488673991.0,407064965.0,117800007.0,9392797.0,6606853.0,309793.0,3466800.0,,15617.0,371.0
mergesort,7,serial,1,26,0.1579125535,0.39,488674122.0,408816591.0,117800000.0,9423045.0,6654923.0,292422.0,3464342.0,,15681.0,373.0
mergesort,7,serial,1,27,0.15718009,0.39,488674124.0,408910568.0,117800002.0,9413134.0,6679954.0,301520.0,3464400.0,,15283.0,381.0
mergesort,7,serial,1,28,0.157189733,0.39,488674121.0,407521320.0,117799999.0,9395695.0,6671488.0,300117.0,3466966.0,,15796.0,375.0
mergesort,7,serial,1,29,0.156958241,0.38,488674128.0,408646631.0,117800003.0,9392859.0,6658542.0,292023.0,3466406.0,,15255.0,364.0
mergesort,7,serial,1,30,0.157277923,0.38,488674134.0,408103203.0,117800001.0,9427872.0,6597063.0,303530.0,3467029.0,,14838.0,387.0
mergesort,11,parallel,4,1,0.0658429905,0.24,492032606.0,542152170.0,117324783.0,9299422.0,7167551.0,181256.0,3761128.0,,13620.0,510.0
mergesort,11,parallel,4,2,0.06554668050000001,0.24,491993611.0,540494184.0,117407481.0,9309826.0,7177726.0,181974.0,3762756.0,,13521.0,511.0
mergesort,11,parallel,4,3,0.0649648605,0.22,491890325.0,539453669.0,117277352.0,9304471.0,7183155.0,181794.0,3763476.0,,13060.0,520.0
mergesort,11,parallel,4,4,0.065372452,0.22,491817927.0,541452258.0,117253221.0,9291197.0,7184976.0,180754.0,3762935.0,,13472.0,502.0
mergesort,11,parallel,4,5,0.0655277855,0.22,491762029.0,540978049.0,117234586.0,9295886.0,7187976.0,179585.0,3761787.0,,13589.0,514.0
mergesort,11,parallel,4,6,0.067231589,0.23,495728153.0,583226687.0,117414026.0,9301532.0,7167265.0,180222.0,3756241.0,,13724.0,541.0
mergesort,11,parallel,4,7,0.0659630035,0.24,491844717.0,544032802.0,117262155.0,9285467.0,7188139.0,182628.0,3763479.0,,13311.0,512.0
mergesort,11,parallel,4,8,0.0653135725,0.23,491715551.0,541583029.0,117250975.0,9287879.0,7189660.0,187250.0,3761813.0,,13403.0,512.0
mergesort,11,parallel,4,9,0.0650109205,0.22,491688676.0,541141837.0,117352674.0,9299513.0,7183981.0,183774.0,3757928.0,,13556.0,516.0
mergesort,11,parallel,4,10,0.0658014485,0.21,492460000.0,544404309.0,117467249.0,9297542.0,7177216.0,179968.0,3758653.0,,13340.0,522.0
mergesort,11,parallel,4,11,0.0655027685,0.22,491736868.0,541837620.0,117226199.0,9296883.0,7204562.0,183229.0,3763698.0,,13553.0,502.0
mergesort,11,parallel,4,12,0.065442472,0.21,491933424.0,542872948.0,117219879.0,9278759.0,7188505.0,178065.0,3758008.0,,13373.0,495.0
mergesort,11,parallel,4,13,0.06582951549999999,0.22,492203561.0,545789615.0,117244158.0,9297694.0,7194520.0,183909.0,3762378.0,,13429.0,511.0
mergesort,11,parallel,4,14,0.0649779545,0.21,492158765.0,538766033.0,117366834.0,9295061.0,7185158.0,178762.0,3760846.0,,13529.0,511.0
mergesort,11,parallel,4,15,0.064348821,0.21,492170422.0,546651643.0,117370719.0,9312558.0,7158452.0,178685.0,3759445.0,,13555.0,562.0
mergesort,11,parallel,4,16,0.06536301950000001,0.22,491867870.0,542337280.0,117269871.0,9294719.0,7185024.0,180130.0,3760225.0,,13463.0,501.0
mergesort,11,parallel,4,17,0.065801704,0.25,491976687.0,543755327.0,117296102.0,9305628.0,7178630.0,183840.0,3759985.0,,13312.0,515.0
mergesort,11,parallel,4,18,0.0662088495,0.22,492472892.0,548288730.0,117445503.0,9296609.0,7183865.0,180238.0,3762923.0,,13509.0,505.0
mergesort,11,parallel,4,19,0.0647185025,0.21,492062497.0,544625301.0,117386032.0,9296573.0,7179454.0,185285.0,3764222.0,,13082.0,507.0
mergesort,11,parallel,4,20,0.065360109,0.22,491842702.0,542148118.0,117244791.0,9292982.0,7195008.0,182116.0,3764084.0,,13272.0,491.0
mergesort,11,parallel,4,21,0.0645717505,0.21,491785340.0,536216490.0,117242353.0,9294394.0,7193799.0,177804.0,3760361.0,,13276.0,501.0
mergesort,11,parallel,4,22,0.065475548,0.21,491820676.0,542267755.0,117243376.0,9301340.0,7184111.0,180638.0,3759179.0,,13377.0,498.0
mergesort,11,parallel,4,23,0.0651875285,0.22,492001377.0,540982778.0,117314367.0,9291827.0,7168324.0,180932.0,3764207.0,,13367.0,494.0
mergesort,11,parallel,4,24,0.0639934965,0.22,491994133.0,535855728.0,117311952.0,9293090.0,7172975.0,185340.0,3762083.0,,13221.0,508.0
mergesort,11,parallel,4,25,0.064963944,0.21,491803494.0,539319793.0,117258560.0,9293488.0,7176050.0,179451.0,3759616.0,,13095.0,506.0
mergesort,11,parallel,4,26,0.06534831699999999,0.21,491790672.0,542009912.0,117244137.0,9304682.0,7179671.0,180867.0,3758076.0,,13398.0,503.0
mergesort,11,parallel,4,27,0.0655406595,0.21,491731505.0,541905944.0,117208143.0,9300043.0,7167207.0,181175.0,3759772.0,,13480.0,517.0
mergesort,11,parallel,4,28,0.0658794835,0.22,492088989.0,545550911.0,117343574.0,9296100.0,7171370.0,176414.0,3761592.0,,13275.0,523.0
mergesort,11,parallel,4,29,0.06552996450000001,0.21,491655087.0,540744719.0,117455645.0,9304305.0,7187011.0,182300.0,3762924.0,,12495.0,509.0
mergesort,11,parallel,4,30,0.06508482800000001,0.21,491651390.0,537430501.0,117350701.0,9301979.0,7169115.0,182751.0,3760043.0,,13245.0,515.0
mergesort,11,serial,1,1,0.155354178,0.37,488140173.0,402105380.0,117533156.0,9238193.0,6618283.0,291666.0,3466607.0,,16533.0,379.0
mergesort,11,serial,1,2,0.1544674055,0.36,488140173.0,401000257.0,117533156.0,9230808.0,6647294.0,297961.0,3463946.0,,15249.0,380.0
mergesort,11,serial,1,3,0.15531564050000002,0.37,488140171.0,402746092.0,117533154.0,9263332.0,6650385.0,292342.0,3466373.0,,14976.0,374.0
mergesort,11,serial,1,4,0.1553412085,0.37,488140188.0,402538729.0,117533163.0,9244786.0,6600884.0,297121.0,3464052.0,,15206.0,377.0
mergesort,11,serial,1,5,0.155325615,0.36,488140183.0,402318921.0,117533158.0,9238043.0,6646425.0,291630.0,3468118.0,,15223.0,385.0
mergesort,11,serial,1,6,0.1556295875,0.36,488140325.0,402881207.0,117533161.0,9246591.0,6614103.0,288298.0,3468084.0,,16321.0,374.0
mergesort,11,serial,1,7,0.15533550299999999,0.36,488140331.0,403141428.0,117533161.0,9236138.0,6647752.0,299135.0,3470438.0,,14945.0,380.0
mergesort,11,serial,1,8,0.15539125199999998,0.36,488140170.0,402564682.0,117533153.0,9260216.0,6650341.0,287086.0,3467795.0,,15302.0,386.0
mergesort,11,serial,1,9,0.15560923399999999,0.36,488140333.0,402105295.0,117533169.0,9266612.0,6664877.0,289416.0,3466278.0,,15235.0,397.0
mergesort,11,serial,1,10,0.155110167,0.36,488140320.0,402275769.0,117533160.0,9215071.0,6654417.0,296271.0,3464275.0,,15704.0,369.0
mergesort,11,serial,1,11,0.1556003575,0.36,488140321.0,402888866.0,117533158.0,9264823.0,6662300.0,305894.0,3466716.0,,15905.0,383.0
mergesort,11,serial,1,12,0.15556152499999998,0.36,488140319.0,402837005.0,117533161.0,9230851.0,6631175.0,289297.0,3468349.0,,15543.0,376.0
mergesort,11,serial,1,13,0.155611724,0.38,488140346.0,403339320.0,117533155.0,9251949.0,6675021.0,293844.0,3465897.0,,15553.0,378.0
mergesort,11,serial,1,14,0.15542914349999998,0.36,488140181.0,402114322.0,117533156.0,9256000.0,6655058.0,305801.0,3463995.0,,15376.0,373.0
mergesort,11,serial,1,15,0.15543576,0.36,488140332.0,403381191.0,117533153.0,9232230.0,6646186.0,292655.0,3467400.0,,17752.0,380.0
mergesort,11,serial,1,16,0.1558103855,0.36,488140333.0,403316756.0,117533160.0,9252397.0,6617754.0,291067.0,3466842.0,,16205.0,387.0
mergesort,11,serial,1,17,0.1556465645,0.36,488140195.0,401349431.0,117533162.0,9225014.0,6611647.0,302804.0,3466555.0,,17495.0,386.0
mergesort,11,serial,1,18,0.15525419099999999,0.35,488140205.0,402697358.0,117533160.0,9257583.0,6637731.0,292690.0,3467907.0,,17620.0,394.0
mergesort,11,serial,1,19,0.15517047499999997,0.41,488140172.0,400061464.0,117533155.0,9248454.0,6625254.0,299607.0,3465369.0,,15695.0,377.0
mergesort,11,serial,1,20,0.15558606600000002,0.4,488140200.0,402994146.0,117533155.0,9266100.0,6657759.0,291751.0,3463419.0,,16246.0,372.0
mergesort,11,serial,1,21,0.1552128585,0.38,488140170.0,400894271.0,117533153.0,9246100.0,6601231.0,293280.0,3465423.0,,15592.0,388.0
mergesort,11,serial,1,22,0.155436411,0.38,488140172.0,401464606.0,117533155.0,9241955.0,6675591.0,297566.0,3464873.0,,15766.0,370.0
mergesort,11,serial,1,23,0.155460727,0.38,488140194.0,401914804.0,117533163.0,9226173.0,6638317.0,291710.0,3465085.0,,15768.0,385.0
mergesort,11,serial,1,24,0.15564707,0.38,488140337.0,402578599.0,117533158.0,9245783.0,6676365.0,291562.0,3465245.0,,15687.0,378.0
mergesort,11,serial,1,25,0.1553036285,0.37,488140183.0,400407794.0,117533158.0,9258222.0,6640438.0,304749.0,3465553.0,,15724.0,379.0
mergesort,11,serial,1,26,0.155270116,0.38,488140332.0,402741819.0,117533158.0,9218616.0,6638801.0,289371.0,3470039.0,,15810.0,383.0
mergesort,11,serial,1,27,0.1548104565,0.38,488140332.0,400670033.0,117533164.0,9256253.0,6653789.0,293161.0,3467310.0,,14836.0,384.0
mergesort,11,serial,1,28,0.1550263295,0.38,488140336.0,402779060.0,117533157.0,9258837.0,6662537.0,297064.0,3466157.0,,15421.0,380.0
mergesort,11,serial,1,29,0.1557033955,0.38,488140210.0,401974340.0,117533161.0,9237641.0,6665492.0,297647.0,3466351.0,,15933.0,376.0
mergesort,11,serial,1,30,0.1557798635,0.38,488140324.0,404054768.0,117533157.0,9266232.0,6672517.0,295614.0,3464491.0,,16035.0,378.0
quicksort,0,parallel,4,1,0.0708250695,0.2,397524223.0,553600494.0,99266348.0,8806802.0,1453726.0,48702.0,784019.0,,7879.0,631.0
quicksort,0,parallel,4,2,0.070787008,0.19,397665335.0,555443081.0,99231549.0,8802393.0,1474269.0,51589.0,783313.0,,7835.0,642.0
quicksort,0,parallel,4,3,0.070640707,0.21,398205657.0,556406973.0,99228160.0,8766150.0,1479739.0,49861.0,781838.0,,7892.0,629.0
quicksort,0,parallel,4,4,0.066794644,0.2,397547168.0,550666575.0,98723085.0,8752224.0,1443201.0,51348.0,782232.0,,8049.0,647.0
quicksort,0,parallel,4,5,0.0692145505,0.2,397593898.0,553676831.0,99208438.0,8803058.0,1461580.0,51590.0,782820.0,,8008.0,647.0
quicksort,0,parallel,4,6,0.0693018705,0.2,397566831.0,552593736.0,99156839.0,8789775.0,1447761.0,50490.0,783227.0,,7975.0,638.0
quicksort,0,parallel,4,7,0.0698891335,0.2,397671220.0,554778579.0,99276274.0,8778559.0,1473959.0,51654.0,784024.0,,7972.0,635.0
quicksort,0,parallel,4,8,0.06954553050000001,0.19,397807159.0,553298379.0,99271354.0,8754540.0,1452225.0,51046.0,782356.0,,7751.0,624.0
quicksort,0,parallel,4,9,0.0691833765,0.2,397482212.0,549508123.0,99208217.0,8791476.0,1471773.0,50314.0,781527.0,,7920.0,645.0
quicksort,0,parallel,4,10,0.0696128925,0.21,397411399.0,548837731.0,99156017.0,8729144.0,1456489.0,50072.0,783715.0,,7947.0,638.0
quicksort,0,parallel,4,11,0.067200014,0.19,397491919.0,550882460.0,99180021.0,8749109.0,1461251.0,50928.0,768091.0,,7807.0,650.0
quicksort,0,parallel,4,12,0.0693989785,0.2,397531150.0,551097491.0,99197206.0,8775769.0,1460099.0,50522.0,782956.0,,7775.0,634.0
quicksort,0,parallel,4,13,0.06995303950000001,0.2,397740071.0,553972314.0,99253277.0,8780976.0,1452477.0,49794.0,782271.0,,7954.0,651.0
quicksort,0,parallel,4,14,0.0694727875,0.2,397560406.0,551213619.0,99208731.0,8768240.0,1463864.0,51266.0,783238.0,,7990.0,671.0
quicksort,0,parallel,4,15,0.069537575,0.2,397714225.0,553409699.0,99209171.0,8798448.0,1469796.0,50690.0,783149.0,,7488.0,631.0
quicksort,0,parallel,4,16,0.06860695450000001,0.19,398147062.0,543812458.0,99249890.0,8781944.0,1482128.0,50405.0,768380.0,,7462.0,636.0
quicksort,0,parallel,4,17,0.069721828,0.2,397505167.0,552812239.0,99183142.0,8813036.0,1477909.0,51178.0,783367.0,,7798.0,635.0
quicksort,0,parallel,4,18,0.0668708125,0.19,397888818.0,554759213.0,98727286.0,8759740.0,1470022.0,52555.0,782481.0,,7767.0,641.0
quicksort,0,parallel,4,19,0.0694121235,0.19,397574265.0,552259649.0,99221806.0,8745113.0,1464819.0,50544.0,780660.0,,7722.0,627.0
quicksort,0,parallel,4,20,0.069559336,0.19,397663987.0,552345149.0,99233701.0,8777762.0,1462583.0,51579.0,784228.0,,8083.0,632.0
quicksort,0,parallel,4,21,0.0699436715,0.21,397858151.0,555707034.0,99238590.0,8821733.0,1461181.0,50653.0,784417.0,,7874.0,592.0
quicksort,0,parallel,4,22,0.069838859,0.2,397702561.0,554130042.0,99240108.0,8810703.0,1474959.0,51399.0,783587.0,,7884.0,644.0
quicksort,0,parallel,4,23,0.069579379,0.2,397637180.0,553997086.0,99226718.0,8786301.0,1451092.0,50254.0,783278.0,,7438.0,619.0
quicksort,0,parallel,4,24,0.069360902,0.2,397589256.0,551235446.0,99207350.0,8765194.0,1462695.0,50852.0,781663.0,,8033.0,640.0
quicksort,0,parallel,4,25,0.069519812,0.19,397680683.0,553758466.0,99211597.0,8797591.0,1463489.0,50966.0,782800.0,,7556.0,638.0
quicksort,0,parallel,4,26,0.0692265685,0.19,397599950.0,549554818.0,99209370.0,8786079.0,1455912.0,50709.0,785352.0,,7820.0,629.0
quicksort,0,parallel,4,27,0.0698120635,0.19,397439126.0,552557639.0,99287466.0,8773848.0,1452109.0,51186.0,781830.0,,8067.0,624.0
quicksort,0,parallel,4,28,0.069548671,0.2,397576299.0,551074779.0,99237056.0,8759625.0,1463887.0,51297.0,783701.0,,8171.0,665.0
quicksort,0,parallel,4,29,0.0692116455,0.22,397614132.0,551466923.0,99187195.0,8810775.0,1461155.0,51040.0,779791.0,,7723.0,642.0
quicksort,0,parallel,4,30,0.0674778935,0.19,397158669.0,533053508.0,99245336.0,8778460.0,1431489.0,50476.0,769214.0,,7696.0,607.0
quicksort,0,serial,1,1,0.133082633,0.25,364071839.0,337145097.0,95445417.0,8597139.0,1299342.0,31942.0,689721.0,,4436.0,384.0
quicksort,0,serial,1,2,0.131068167,0.25,364071694.0,337389162.0,95445414.0,8601414.0,1262693.0,31922.0,687442.0,,4168.0,375.0
quicksort,0,serial,1,3,0.130684132,0.25,364071696.0,337184614.0,95445408.0,8601843.0,1250716.0,31586.0,686481.0,,4257.0,379.0
quicksort,0,serial,1,4,0.1309419315,0.25,364071843.0,335883258.0,95445416.0,8597523.0,1273397.0,33069.0,687130.0,,4196.0,373.0
quicksort,0,serial,1,5,0.131079713,0.25,364071721.0,337424718.0,95445419.0,8599325.0,1295195.0,31868.0,687087.0,,4379.0,370.0
quicksort,0,serial,1,6,0.1325632765,0.31,364071692.0,338523407.0,95445412.0,8598356.0,1292038.0,33263.0,695076.0,,5391.0,371.0
quicksort,0,serial,1,7,0.13172615199999999,0.31,364071704.0,339091699.0,95445416.0,8597571.0,1313127.0,34084.0,692104.0,,4593.0,369.0
quicksort,0,serial,1,8,0.1301643035,0.28,364071835.0,335385270.0,95445411.0,8601051.0,1296386.0,31499.0,687022.0,,4274.0,369.0
quicksort,0,serial,1,9,0.1301700095,0.28,364071691.0,335489207.0,95445411.0,8604700.0,1266015.0,31771.0,690561.0,,4536.0,366.0
quicksort,0,serial,1,10,0.13078290050000002,0.29,364071834.0,336781767.0,95445416.0,8601415.0,1295428.0,32327.0,686115.0,,4458.0,376.0
quicksort,0,serial,1,11,0.131047904,0.27,364071689.0,339463047.0,95445409.0,8598875.0,1326139.0,33498.0,688222.0,,4561.0,371.0
quicksort,0,serial,1,12,0.130243391,0.28,364071690.0,335988068.0,95445410.0,8586252.0,1307073.0,31225.0,692739.0,,4900.0,385.0
quicksort,0,serial,1,13,0.129555407,0.27,364071836.0,335939406.0,95445413.0,8599241.0,1290952.0,31259.0,687961.0,,4459.0,379.0
quicksort,0,serial,1,14,0.1295676745,0.28,364071700.0,336249677.0,95445412.0,8592076.0,1289132.0,32520.0,687461.0,,4270.0,366.0
quicksort,0,serial,1,15,0.130135461,0.28,364071694.0,338804645.0,95445414.0,8601577.0,1300966.0,32153.0,687193.0,,4403.0,376.0
quicksort,0,serial,1,16,0.1301028245,0.28,364071845.0,336536638.0,95445407.0,8602939.0,1259648.0,32742.0,686086.0,,4342.0,374.0
quicksort,0,serial,1,17,0.130167902,0.28,364071702.0,336506474.0,95445414.0,8601399.0,1299551.0,32289.0,686691.0,,4257.0,375.0
quicksort,0,serial,1,18,0.129832464,0.25,364071836.0,336005250.0,95445410.0,8605014.0,1273102.0,32366.0,689015.0,,4439.0,352.0
quicksort,0,serial,1,19,0.13005286500000002,0.28,364071834.0,336056654.0,95445410.0,8593956.0,1304609.0,32842.0,685998.0,,4225.0,366.0
quicksort,0,serial,1,20,0.13057072749999998,0.24,364071692.0,337802536.0,95445412.0,8598482.0,1271114.0,33209.0,685806.0,,4315.0,375.0
quicksort,0,serial,1,21,0.13004108250000002,0.4,364071843.0,337061631.0,95445413.0,8596137.0,1290269.0,32552.0,687290.0,,4540.0,384.0
quicksort,0,serial,1,22,0.13047107400000002,0.25,364071836.0,336186578.0,95445407.0,8604748.0,1305493.0,32477.0,687830.0,,4335.0,375.0
quicksort,0,serial,1,23,0.1297308225,0.25,364071832.0,336285629.0,95445410.0,8592548.0,1299031.0,31722.0,687003.0,,4270.0,372.0
quicksort,0,serial,1,24,0.1297320995,0.26,364071694.0,335372588.0,95445414.0,8600196.0,1263191.0,31647.0,688183.0,,4326.0,368.0
quicksort,0,serial,1,25,0.13018403750000002,0.26,364071837.0,337737765.0,95445422.0,8596822.0,1286569.0,31205.0,688631.0,,4350.0,368.0
quicksort,0,serial,1,26,0.12990754599999998,0.25,364071859.0,335535703.0,95445412.0,8595901.0,1300636.0,31916.0,686479.0,,4357.0,368.0
quicksort,0,serial,1,27,0.130557372,0.25,364071700.0,337160911.0,95445415.0,8598681.0,1283456.0,32280.0,688638.0,,4449.0,353.0
quicksort,0,serial,1,28,0.12962509249999998,0.25,364071834.0,336036003.0,95445406.0,8588869.0,1281094.0,31916.0,688104.0,,4331.0,360.0
quicksort,0,serial,1,29,0.12955127849999998,0.24,364071844.0,336735767.0,95445407.0,8601865.0,1295624.0,31761.0,687184.0,,4275.0,372.0
quicksort,0,serial,1,30,0.1300484065,0.24,364071713.0,336578692.0,95445417.0,8597378.0,1260939.0,31983.0,687608.0,,4382.0,367.0
quicksort,3,parallel,4,1,0.0717390545,0.2,374987081.0,564213906.0,95690188.0,9047474.0,1405912.0,49216.0,765652.0,,8087.0,689.0
quicksort,3,parallel,4,2,0.070123556,0.21,374949673.0,566183057.0,95678402.0,9082151.0,1406544.0,51051.0,763534.0,,7749.0,663.0
quicksort,3,parallel,4,3,0.07169220600000001,0.2,374966490.0,563850805.0,95706676.0,9081399.0,1421822.0,50833.0,761336.0,,7961.0,669.0
quicksort,3,parallel,4,4,0.071643184,0.21,374964250.0,564940500.0,95691275.0,9048408.0,1422852.0,50877.0,764451.0,,7946.0,675.0
quicksort,3,parallel,4,5,0.071825844,0.2,375067319.0,565582083.0,95689845.0,9061634.0,1431062.0,50111.0,763200.0,,7950.0,649.0
quicksort,3,parallel,4,6,0.069841709,0.21,375078824.0,565667330.0,95720794.0,9057639.0,1417329.0,50550.0,764426.0,,7363.0,664.0
quicksort,3,parallel,4,7,0.0714246315,0.21,374971950.0,564481565.0,95672380.0,9064252.0,1437965.0,51259.0,762930.0,,7908.0,650.0
quicksort,3,parallel,4,8,0.0721287155,0.2,375105425.0,564797871.0,95729786.0,9045523.0,1421970.0,50393.0,764550.0,,8102.0,679.0
quicksort,3,parallel,4,9,0.06981372599999999,0.21,374986045.0,565331019.0,95158636.0,9044811.0,1418602.0,51109.0,762320.0,,7589.0,658.0
quicksort,3,parallel,4,10,0.0714550485,0.21,374969770.0,563534311.0,95684410.0,9046048.0,1417592.0,50481.0,761195.0,,7933.0,648.0
quicksort,3,parallel,4,11,0.07159422600000001,0.21,374964429.0,564066758.0,95679198.0,9091234.0,1422774.0,50099.0,763034.0,,7405.0,664.0
quicksort,3,parallel,4,12,0.0669299795,0.21,373516888.0,544412094.0,95140473.0,9054252.0,1421739.0,51294.0,758757.0,,7560.0,630.0
quicksort,3,parallel,4,13,0.0714894235,0.2,374992050.0,564546956.0,95691756.0,9077379.0,1423481.0,50724.0,762059.0,,8017.0,666.0
quicksort,3,parallel,4,14,0.07138654450000001,0.21,374971414.0,563836675.0,95684902.0,9026861.0,1424761.0,50296.0,761930.0,,8069.0,660.0
quicksort,3,parallel,4,15,0.071400992,0.2,374940006.0,563666927.0,95688252.0,9046349.0,1427028.0,50325.0,761331.0,,7875.0,654.0
quicksort,3,parallel,4,16,0.07139762499999999,0.2,375016169.0,564931930.0,95699859.0,9058727.0,1412061.0,49791.0,761531.0,,8014.0,668.0
quicksort,3,parallel,4,17,0.0678389495,0.23,372969212.0,548498897.0,95117042.0,9074207.0,1413961.0,50575.0,763567.0,,7345.0,655.0
quicksort,3,parallel,4,18,0.0717731985,0.21,375029982.0,564617049.0,95683844.0,9054256.0,1418549.0,50632.0,763707.0,,7910.0,685.0
quicksort,3,parallel,4,19,0.06980451900000001,0.24,374923399.0,563876416.0,95669558.0,9074895.0,1413464.0,50369.0,763918.0,,7856.0,638.0
quicksort,3,parallel,4,20,0.071743904,0.22,374922824.0,563605447.0,95726790.0,9045847.0,1403830.0,50962.0,761735.0,,7956.0,636.0
quicksort,3,parallel,4,21,0.0715675655,0.23,375100453.0,565318677.0,95728000.0,9047983.0,1420980.0,50794.0,762442.0,,7865.0,675.0
quicksort,3,parallel,4,22,0.067974886,0.22,373029277.0,549375473.0,95148154.0,9040530.0,1412196.0,50169.0,765011.0,,7586.0,650.0
quicksort,3,parallel,4,23,0.07159369,0.22,375027525.0,565722060.0,95701241.0,9065865.0,1414377.0,50670.0,761683.0,,7911.0,652.0
quicksort,3,parallel,4,24,0.0714188055,0.22,374972446.0,564128657.0,95667959.0,9049959.0,1407505.0,48627.0,762647.0,,7352.0,665.0
quicksort,3,parallel,4,25,0.0715115405,0.22,374990194.0,563741005.0,95683912.0,9065636.0,1420588.0,51595.0,763638.0,,7461.0,651.0
quicksort,3,parallel,4,26,0.071554326,0.22,374988775.0,564203317.0,95690254.0,9050805.0,1418594.0,49758.0,764092.0,,7390.0,661.0
quicksort,3,parallel,4,27,0.0715476485,0.21,375076278.0,566514455.0,95718971.0,9054205.0,1425919.0,50645.0,763436.0,,7999.0,678.0
quicksort,3,parallel,4,28,0.07195387,0.21,374984836.0,565721907.0,95701509.0,9055178.0,1424037.0,50620.0,763685.0,,8084.0,677.0
quicksort,3,parallel,4,29,0.07177466699999999,0.21,375135467.0,566095769.0,95739677.0,9062615.0,1415095.0,49890.0,764312.0,,7953.0,664.0
quicksort,3,parallel,4,30,0.07131143749999999,0.21,374936150.0,563216919.0,95673622.0,9053877.0,1396520.0,48516.0,762644.0,,7877.0,648.0
quicksort,3,serial,1,1,0.1314473315,0.25,343459270.0,341300776.0,89996633.0,8926790.0,1106602.0,30372.0,608413.0,,4159.0,375.0
quicksort,3,serial,1,2,0.13159058699999998,0.27,343459134.0,342025792.0,89996642.0,8936765.0,1136929.0,30531.0,608190.0,,4366.0,378.0
quicksort,3,serial,1,3,0.132089864,0.25,343459109.0,342153849.0,89996631.0,8945253.0,1146569.0,30795.0,607278.0,,4222.0,371.0
quicksort,3,serial,1,4,0.13231831,0.25,343459113.0,345127289.0,89996635.0,8946039.0,1155831.0,32520.0,613348.0,,4563.0,388.0
quicksort,3,serial,1,5,0.132980965,0.26,343459116.0,346640436.0,89996638.0,8936470.0,1147090.0,30373.0,609744.0,,4472.0,378.0
quicksort,3,serial,1,6,0.1335711245,0.25,343459261.0,348362342.0,89996636.0,8929322.0,1150222.0,31051.0,612513.0,,4260.0,372.0
quicksort,3,serial,1,7,0.131537958,0.25,343459123.0,341915684.0,89996637.0,8928045.0,1133185.0,30829.0,607320.0,,4313.0,378.0
quicksort,3,serial,1,8,0.1319537375,0.25,343459134.0,342107722.0,89996640.0,8941520.0,1145885.0,30818.0,609397.0,,4430.0,384.0
quicksort,3,serial,1,9,0.131918796,0.25,343459295.0,342417340.0,89996634.0,8929728.0,1130157.0,30480.0,607641.0,,4251.0,383.0
quicksort,3,serial,1,10,0.1319986875,0.25,343459254.0,342907372.0,89996637.0,8938507.0,1129716.0,30991.0,610240.0,,4663.0,389.0
quicksort,3,serial,1,11,0.131636799,0.25,343459267.0,343198892.0,89996632.0,8932909.0,1142802.0,30505.0,611033.0,,4507.0,372.0
quicksort,3,serial,1,12,0.1314028025,0.25,343459256.0,341018898.0,89996634.0,8923705.0,1128950.0,30103.0,608161.0,,4220.0,371.0
quicksort,3,serial,1,13,0.131761935,0.26,343459270.0,342748190.0,89996633.0,8936224.0,1136742.0,29982.0,610555.0,,4247.0,363.0
quicksort,3,serial,1,14,0.131419499,0.25,343459132.0,341680212.0,89996638.0,8926777.0,1146146.0,30622.0,606916.0,,4169.0,370.0
quicksort,3,serial,1,15,0.1314972455,0.25,343459123.0,341663989.0,89996637.0,8936605.0,1137672.0,30340.0,611707.0,,4569.0,374.0
quicksort,3,serial,1,16,0.1321095915,0.25,343459113.0,344165089.0,89996635.0,8933928.0,1145788.0,30037.0,607864.0,,4200.0,367.0
quicksort,3,serial,1,17,0.1315411135,0.25,343459113.0,341426827.0,89996635.0,8932719.0,1145216.0,30329.0,608327.0,,4269.0,360.0
quicksort,3,serial,1,18,0.1319910575,0.25,343459277.0,343232077.0,89996634.0,8925458.0,1149905.0,31552.0,607983.0,,4443.0,382.0
quicksort,3,serial,1,19,0.131792393,0.25,343459114.0,342930300.0,89996636.0,8946070.0,1131435.0,30801.0,607285.0,,4205.0,371.0
quicksort,3,serial,1,20,0.1315096595,0.25,343459287.0,341385218.0,89996636.0,8940903.0,1152282.0,30663.0,609343.0,,4172.0,378.0
quicksort,3,serial,1,21,0.131437643,0.25,343459284.0,341332571.0,89996638.0,8929786.0,1115410.0,30347.0,607915.0,,4174.0,371.0
quicksort,3,serial,1,22,0.132053205,0.26,343459125.0,342106898.0,89996639.0,8932244.0,1151430.0,30762.0,609277.0,,4220.0,364.0
quicksort,3,serial,1,23,0.1317963905,0.25,343459276.0,342129593.0,89996639.0,8928877.0,1145887.0,30391.0,610944.0,,4340.0,378.0
quicksort,3,serial,1,24,0.131678307,0.25,343459112.0,341426781.0,89996634.0,8930360.0,1120384.0,30661.0,606631.0,,4206.0,379.0
quicksort,3,serial,1,25,0.131573575,0.25,343459271.0,341560771.0,89996638.0,8925576.0,1142782.0,29761.0,608194.0,,4224.0,370.0
quicksort,3,serial,1,26,0.1319152445,0.31,343459124.0,342081566.0,89996638.0,8934583.0,1141450.0,29945.0,606544.0,,4244.0,377.0
quicksort,3,serial,1,27,0.1318016295,0.26,343459113.0,342164946.0,89996635.0,8935317.0,1141103.0,29595.0,609394.0,,4328.0,372.0
quicksort,3,serial,1,28,0.13219912550000001,0.25,343459112.0,341648755.0,89996634.0,8925421.0,1140638.0,30077.0,607081.0,,4340.0,369.0
quicksort,3,serial,1,29,0.131658179,0.25,343459152.0,341559635.0,89996647.0,8922263.0,1134666.0,30375.0,607419.0,,4102.0,373.0
quicksort,3,serial,1,30,0.1359671305,0.25,343459270.0,345811709.0,89996639.0,8945626.0,1170893.0,32070.0,610250.0,,4409.0,366.0
quicksort,5,parallel,4,1,0.068985509,0.22,363204506.0,550672912.0,94114343.0,8878859.0,1456657.0,51387.0,783499.0,,7898.0,641.0
quicksort,5,parallel,4,2,0.06879080600000001,0.19,363015772.0,548805537.0,94053502.0,8880204.0,1440864.0,49517.0,783309.0,,7843.0,647.0
quicksort,5,parallel,4,3,0.06861062600000001,0.19,362979286.0,548498894.0,94042216.0,8867004.0,1454715.0,50244.0,783927.0,,7983.0,668.0
quicksort,5,parallel,4,4,0.06898386,0.19,362949773.0,548695075.0,94036431.0,8879336.0,1451731.0,49630.0,783010.0,,7964.0,672.0
quicksort,5,parallel,4,5,0.06906562999999999,0.2,363061411.0,550438944.0,94068179.0,8889352.0,1451689.0,49642.0,787022.0,,7809.0,638.0
quicksort,5,parallel,4,6,0.068720093,0.19,363037391.0,547805771.0,94059444.0,8864048.0,1444541.0,49243.0,782235.0,,7940.0,653.0
quicksort,5,parallel,4,7,0.06891803099999999,0.19,363092530.0,550241488.0,94076690.0,8868615.0,1455802.0,49472.0,783889.0,,7687.0,695.0
quicksort,5,parallel,4,8,0.06870983350000001,0.19,363012928.0,550029769.0,94052677.0,8897465.0,1444119.0,50842.0,785861.0,,7454.0,650.0
quicksort,5,parallel,4,9,0.0687945185,0.19,363152460.0,551206769.0,94042763.0,8864032.0,1456110.0,49987.0,781728.0,,7847.0,643.0
quicksort,5,parallel,4,10,0.0686464235,0.19,363062704.0,549562444.0,94068333.0,8869931.0,1430352.0,49521.0,784122.0,,7961.0,647.0
quicksort,5,parallel,4,11,0.0689714465,0.19,363108801.0,551336440.0,94084483.0,8866128.0,1445820.0,50391.0,784565.0,,7383.0,638.0
quicksort,5,parallel,4,12,0.067759841,0.19,363089888.0,549469759.0,94168043.0,8847956.0,1448379.0,51572.0,784591.0,,7839.0,668.0
quicksort,5,parallel,4,13,0.067970223,0.2,363413305.0,540664556.0,94052357.0,8867060.0,1450262.0,50507.0,774026.0,,7590.0,611.0
quicksort,5,parallel,4,14,0.068963682,0.19,363038850.0,549245523.0,94058775.0,8868245.0,1450856.0,50555.0,782576.0,,7725.0,635.0
quicksort,5,parallel,4,15,0.0687347455,0.19,363045965.0,548932631.0,94062758.0,8873232.0,1452068.0,50006.0,784239.0,,7242.0,630.0
quicksort,5,parallel,4,16,0.0687871145,0.21,363035112.0,548901068.0,94058481.0,8870206.0,1452826.0,50788.0,785340.0,,7723.0,633.0
quicksort,5,parallel,4,17,0.0688987695,0.19,363169624.0,549883419.0,94100755.0,8872679.0,1428937.0,52152.0,783449.0,,7795.0,643.0
quicksort,5,parallel,4,18,0.0687121975,0.19,362979274.0,549929200.0,94043550.0,8869865.0,1445407.0,48920.0,783431.0,,7248.0,637.0
quicksort,5,parallel,4,19,0.069078449,0.19,363319997.0,552832823.0,94146572.0,8871012.0,1466103.0,51809.0,782498.0,,7798.0,644.0
quicksort,5,parallel,4,20,0.069068515,0.2,363194163.0,551154788.0,94054821.0,8878164.0,1456470.0,50568.0,782947.0,,7813.0,646.0
quicksort,5,parallel,4,21,0.068815458,0.18,363080092.0,549924033.0,94087567.0,8868916.0,1456859.0,51243.0,783417.0,,7929.0,667.0
quicksort,5,parallel,4,22,0.0688696395,0.19,363241009.0,551088065.0,94045664.0,8869028.0,1442626.0,51045.0,784056.0,,7350.0,626.0
quicksort,5,parallel,4,23,0.0687674365,0.19,362947189.0,548447896.0,94033958.0,8870897.0,1456233.0,50492.0,781938.0,,7752.0,654.0
quicksort,5,parallel,4,24,0.0689358745,0.19,363106391.0,550733188.0,94083901.0,8874675.0,1453774.0,51884.0,783328.0,,7409.0,634.0
quicksort,5,parallel,4,25,0.068684355,0.19,363017667.0,548720267.0,94077159.0,8883762.0,1451361.0,50111.0,784568.0,,7787.0,651.0
quicksort,5,parallel,4,26,0.0687916425,0.19,363098853.0,549634531.0,94118590.0,8876104.0,1445556.0,50203.0,783196.0,,7905.0,648.0
quicksort,5,parallel,4,27,0.06904838199999999,0.2,363029310.0,550653344.0,94068584.0,8870052.0,1451333.0,50003.0,783013.0,,7748.0,635.0
quicksort,5,parallel,4,28,0.0688732665,0.19,363049182.0,548831120.0,94064365.0,8877356.0,1454187.0,50101.0,781771.0,,7932.0,665.0
quicksort,5,parallel,4,29,0.068839568,0.19,362976375.0,549689500.0,94045766.0,8874182.0,1457697.0,51149.0,783830.0,,7813.0,634.0
quicksort,5,parallel,4,30,0.0691638295,0.2,363087097.0,551876079.0,94080205.0,8872977.0,1454372.0,49991.0,782393.0,,7841.0,651.0
quicksort,5,serial,1,1,0.1293101385,0.26,336833612.0,335584732.0,89018501.0,8745525.0,1161675.0,30425.0,622015.0,,4311.0,377.0
quicksort,5,serial,1,2,0.128559547,0.25,336833635.0,334348635.0,89018495.0,8733060.0,1156498.0,30316.0,620339.0,,4139.0,377.0
quicksort,5,serial,1,3,0.129526637,0.25,336833613.0,335376550.0,89018495.0,8744580.0,1135717.0,30343.0,621963.0,,4198.0,378.0
quicksort,5,serial,1,4,0.129012768,0.25,336833469.0,334178332.0,89018498.0,8743209.0,1146605.0,30644.0,624639.0,,4751.0,385.0
quicksort,5,serial,1,5,0.1290130125,0.27,336833493.0,334060966.0,89018506.0,8741489.0,1124900.0,31187.0,621032.0,,4190.0,369.0
quicksort,5,serial,1,6,0.129548023,0.24,336833612.0,335149421.0,89018500.0,8746189.0,1183451.0,31123.0,621452.0,,4278.0,374.0
quicksort,5,serial,1,7,0.129090233,0.24,336833622.0,333544596.0,89018497.0,8757105.0,1174050.0,30418.0,618620.0,,4069.0,375.0
quicksort,5,serial,1,8,0.12839696550000002,0.25,336833620.0,333896064.0,89018500.0,8735880.0,1152301.0,30246.0,620553.0,,4216.0,352.0
quicksort,5,serial,1,9,0.129048074,0.25,336833478.0,335490060.0,89018499.0,8745390.0,1148173.0,30063.0,621362.0,,4729.0,378.0
quicksort,5,serial,1,10,0.12887434650000001,0.24,336833614.0,335995355.0,89018494.0,8738076.0,1154842.0,30042.0,624108.0,,4507.0,378.0
quicksort,5,serial,1,11,0.12876992450000002,0.24,336833468.0,334030227.0,89018497.0,8747649.0,1147547.0,29565.0,623512.0,,4401.0,386.0
quicksort,5,serial,1,12,0.129378593,0.25,336833611.0,335567324.0,89018500.0,8754930.0,1136401.0,30900.0,621807.0,,4401.0,387.0
quicksort,5,serial,1,13,0.1289335935,0.25,336833611.0,335228582.0,89018498.0,8742843.0,1128851.0,30512.0,620483.0,,4220.0,385.0
quicksort,5,serial,1,14,0.12902629300000001,0.25,336833498.0,333965948.0,89018505.0,8752860.0,1168736.0,30689.0,621919.0,,4145.0,366.0
quicksort,5,serial,1,15,0.1288813795,0.25,336833487.0,335104168.0,89018500.0,8741054.0,1160161.0,30202.0,619190.0,,4422.0,369.0
quicksort,5,serial,1,16,0.1292252985,0.24,336833621.0,334817346.0,89018501.0,8751280.0,1182389.0,30180.0,620725.0,,4232.0,378.0
quicksort,5,serial,1,17,0.1288822515,0.24,336833625.0,333761853.0,89018495.0,8748658.0,1172163.0,30776.0,622770.0,,4187.0,368.0
quicksort,5,serial,1,18,0.12944339,0.24,336833615.0,335644435.0,89018497.0,8747855.0,1169799.0,30790.0,623441.0,,4249.0,364.0
quicksort,5,serial,1,19,0.12937961450000002,0.24,336833633.0,335521511.0,89018494.0,8748849.0,1137106.0,30532.0,619664.0,,4122.0,370.0
quicksort,5,serial,1,20,0.129447007,0.24,336833630.0,336639777.0,89018499.0,8748621.0,1150300.0,29904.0,622321.0,,4183.0,380.0
quicksort,5,serial,1,21,0.129265219,0.24,336833470.0,337326646.0,89018499.0,8745912.0,1148519.0,29414.0,620894.0,,4141.0,374.0
quicksort,5,serial,1,22,0.1290351595,0.25,336833613.0,334226685.0,89018497.0,8743497.0,1168839.0,29473.0,620003.0,,4227.0,379.0
quicksort,5,serial,1,23,0.129282827,0.25,336833465.0,335279527.0,89018494.0,8751500.0,1157901.0,30153.0,620243.0,,4252.0,371.0
quicksort,5,serial,1,24,0.1298178565,0.24,336833477.0,335243285.0,89018498.0,8739960.0,1130164.0,30566.0,623907.0,,4468.0,381.0
quicksort,5,serial,1,25,0.12935333,0.24,336833612.0,334694094.0,89018497.0,8740757.0,1152105.0,29406.0,620945.0,,4256.0,377.0
quicksort,5,serial,1,26,0.1292814045,0.24,336833476.0,334119585.0,89018497.0,8747816.0,1172927.0,30659.0,621174.0,,4214.0,371.0
quicksort,5,serial,1,27,0.12916186400000002,0.24,336833628.0,333779180.0,89018495.0,8745938.0,1165059.0,30471.0,621773.0,,4090.0,364.0
quicksort,5,serial,1,28,0.1294083195,0.24,336833468.0,334933514.0,89018497.0,8747444.0,1160418.0,30434.0,622301.0,,4221.0,375.0
quicksort,5,serial,1,29,0.129043571,0.25,336833500.0,333787270.0,89018507.0,8736875.0,1172059.0,30528.0,621104.0,,4206.0,375.0
quicksort,5,serial,1,30,0.12925463399999998,0.26,336833475.0,335311991.0,89018499.0,8741891.0,1162550.0,30766.0,621994.0,,4224.0,376.0
quicksort,7,parallel,4,1,0.065076452,0.19,354403551.0,544867373.0,93044109.0,8738914.0,1410796.0,49503.0,757615.0,,7681.0,612.0
quicksort,7,parallel,4,2,0.06477477300000001,0.18,354480335.0,544147015.0,93066928.0,8741006.0,1399406.0,49832.0,759257.0,,7510.0,644.0
quicksort,7,parallel,4,3,0.0650271935,0.21,354514269.0,545845211.0,93064062.0,8750305.0,1411340.0,50908.0,758444.0,,7597.0,590.0
quicksort,7,parallel,4,4,0.0649205025,0.19,354818021.0,547336288.0,93031755.0,8742372.0,1420184.0,51233.0,756495.0,,7800.0,642.0
quicksort,7,parallel,4,5,0.0650157575,0.19,354329407.0,543057327.0,93089518.0,8762499.0,1420995.0,50177.0,757150.0,,7721.0,634.0
quicksort,7,parallel,4,6,0.064926945,0.19,354507556.0,544655695.0,93036574.0,8744315.0,1411580.0,50799.0,758150.0,,7767.0,641.0
quicksort,7,parallel,4,7,0.06503907149999999,0.19,354508249.0,545730565.0,93085231.0,8755777.0,1409968.0,50192.0,759210.0,,7538.0,637.0
quicksort,7,parallel,4,8,0.064723506,0.19,354438973.0,544394123.0,93046861.0,8737901.0,1398219.0,49354.0,757093.0,,7670.0,656.0
quicksort,7,parallel,4,9,0.0647796765,0.19,354393391.0,543924359.0,93071247.0,8747666.0,1409744.0,49859.0,759727.0,,7718.0,642.0
quicksort,7,parallel,4,10,0.0648240555,0.19,354473518.0,544176675.0,93050994.0,8743390.0,1397189.0,49114.0,759058.0,,7724.0,605.0
quicksort,7,parallel,4,11,0.06474126,0.19,354603029.0,546081238.0,93042920.0,8751763.0,1413620.0,50484.0,760129.0,,7809.0,643.0
quicksort,7,parallel,4,12,0.064947784,0.19,354470532.0,545823633.0,93178572.0,8751393.0,1404459.0,50325.0,757383.0,,7361.0,620.0
quicksort,7,parallel,4,13,0.0648142815,0.19,354440560.0,543823733.0,93041173.0,8742274.0,1403387.0,49946.0,755155.0,,7358.0,606.0
quicksort,7,parallel,4,14,0.0651465095,0.21,354656571.0,547201141.0,93069072.0,8755481.0,1398152.0,49404.0,757778.0,,7515.0,598.0
quicksort,7,parallel,4,15,0.06519401899999999,0.21,354481946.0,545811998.0,93196851.0,8758323.0,1398179.0,50930.0,761533.0,,7783.0,646.0
quicksort,7,parallel,4,16,0.06459190249999999,0.21,354442611.0,543665877.0,93029494.0,8740435.0,1392043.0,49714.0,757197.0,,7710.0,648.0
quicksort,7,parallel,4,17,0.06488793100000001,0.2,354411726.0,544065597.0,93107722.0,8752600.0,1401621.0,48308.0,759071.0,,7714.0,605.0
quicksort,7,parallel,4,18,0.06496508649999999,0.2,354526737.0,546752459.0,93068022.0,8753729.0,1424208.0,50262.0,759194.0,,7686.0,655.0
quicksort,7,parallel,4,19,0.0649739285,0.2,354857061.0,548515429.0,93163575.0,8753895.0,1415648.0,49138.0,756902.0,,7787.0,642.0
quicksort,7,parallel,4,20,0.06466379850000001,0.2,354428308.0,545437063.0,93059718.0,8748015.0,1406560.0,49254.0,758803.0,,7772.0,651.0
quicksort,7,parallel,4,21,0.06497118800000001,0.19,354574323.0,544843795.0,93081416.0,8741879.0,1403824.0,49442.0,757660.0,,7773.0,644.0
quicksort,7,parallel,4,22,0.064732608,0.2,354394303.0,544265372.0,93029266.0,8751561.0,1414735.0,49953.0,759035.0,,7698.0,607.0
quicksort,7,parallel,4,23,0.064727709,0.2,354350848.0,543531508.0,93016145.0,8754244.0,1398044.0,49580.0,756887.0,,7353.0,630.0
quicksort,7,parallel,4,24,0.0648625585,0.2,354621709.0,545521372.0,93096101.0,8754977.0,1409136.0,49707.0,757169.0,,7751.0,630.0
quicksort,7,parallel,4,25,0.06474840800000001,0.2,354494118.0,545577576.0,93058353.0,8745708.0,1397682.0,49589.0,757118.0,,7776.0,643.0
quicksort,7,parallel,4,26,0.06465641899999999,0.19,354529126.0,545593026.0,93048774.0,8735613.0,1414219.0,49329.0,758598.0,,7290.0,637.0
quicksort,7,parallel,4,27,0.064738504,0.19,354424086.0,544014363.0,93054911.0,8753257.0,1404035.0,49311.0,758529.0,,7717.0,626.0
quicksort,7,parallel,4,28,0.0649820085,0.22,354530396.0,545385409.0,93052285.0,8744185.0,1408083.0,49704.0,757999.0,,7762.0,656.0
quicksort,7,parallel,4,29,0.064740032,0.19,354435462.0,544547011.0,93048599.0,8757685.0,1395241.0,48461.0,756507.0,,7779.0,640.0
quicksort,7,parallel,4,30,0.064557663,0.19,354438071.0,544783890.0,93041236.0,8745445.0,1417125.0,49824.0,757630.0,,7724.0,645.0
quicksort,7,serial,1,1,0.1272727135,0.25,329577103.0,329450768.0,87835018.0,8640056.0,1109666.0,29703.0,609123.0,,4566.0,376.0
quicksort,7,serial,1,2,0.1274054745,0.25,329577250.0,328792455.0,87835026.0,8644828.0,1133539.0,30189.0,606848.0,,4208.0,356.0
quicksort,7,serial,1,3,0.1273386685,0.24,329577247.0,329767458.0,87835018.0,8642018.0,1122209.0,29246.0,607604.0,,4144.0,369.0
quicksort,7,serial,1,4,0.12692335999999999,0.25,329577251.0,329201627.0,87835023.0,8634571.0,1107433.0,30539.0,607256.0,,4168.0,368.0
quicksort,7,serial,1,5,0.12710625,0.24,329577105.0,329961687.0,87835020.0,8646293.0,1134890.0,30980.0,607273.0,,4174.0,366.0
quicksort,7,serial,1,6,0.127291825,0.25,329577261.0,329286589.0,87835020.0,8644806.0,1148042.0,31028.0,607028.0,,4234.0,371.0
quicksort,7,serial,1,7,0.127261438,0.24,329577251.0,329447921.0,87835020.0,8644841.0,1122300.0,29471.0,607100.0,,4212.0,377.0
quicksort,7,serial,1,8,0.127302445,0.24,329577253.0,329770769.0,87835019.0,8636121.0,1142914.0,28982.0,610776.0,,4771.0,388.0
quicksort,7,serial,1,9,0.1274372595,0.25,329577105.0,328955764.0,87835021.0,8634000.0,1124504.0,30001.0,611839.0,,4638.0,391.0
quicksort,7,serial,1,10,0.127321571,0.24,329577261.0,329085534.0,87835024.0,8641815.0,1129442.0,29397.0,606815.0,,4221.0,376.0
quicksort,7,serial,1,11,0.127131748,0.25,329577251.0,329299448.0,87835022.0,8646140.0,1134312.0,29314.0,608710.0,,4310.0,379.0
quicksort,7,serial,1,12,0.1271665685,0.25,329577113.0,329372708.0,87835020.0,8640250.0,1139157.0,29090.0,608619.0,,4183.0,372.0
quicksort,7,serial,1,13,0.1272656655,0.27,329577102.0,329044030.0,87835017.0,8640712.0,1134218.0,29827.0,607906.0,,4385.0,373.0
quicksort,7,serial,1,14,0.127108033,0.24,329577104.0,329986897.0,87835019.0,8642560.0,1105757.0,30607.0,607126.0,,4133.0,368.0
quicksort,7,serial,1,15,0.1276261805,0.24,329577251.0,330181312.0,87835019.0,8651858.0,1133388.0,30335.0,608267.0,,4218.0,374.0
quicksort,7,serial,1,16,0.126929286,0.24,329577105.0,329463968.0,87835020.0,8637303.0,1129928.0,30559.0,607960.0,,4163.0,373.0
quicksort,7,serial,1,17,0.12797093650000002,0.24,329577108.0,330997406.0,87835023.0,8642715.0,1134679.0,29457.0,606726.0,,4226.0,372.0
quicksort,7,serial,1,18,0.1278015715,0.27,329577253.0,330803945.0,87835023.0,8648699.0,1128366.0,29606.0,610191.0,,4615.0,385.0
quicksort,7,serial,1,19,0.127499572,0.24,329577114.0,329846188.0,87835021.0,8645010.0,1138933.0,29763.0,608988.0,,4312.0,396.0
quicksort,7,serial,1,20,0.12704875599999998,0.25,329577103.0,329063582.0,87835018.0,8632155.0,1100491.0,29669.0,606919.0,,4252.0,373.0
quicksort,7,serial,1,21,0.12738716,0.24,329577249.0,329228564.0,87835022.0,8636012.0,1123298.0,29674.0,606796.0,,4242.0,383.0
quicksort,7,serial,1,22,0.12785314450000002,0.24,329577250.0,329477314.0,87835022.0,8647994.0,1130595.0,28809.0,607983.0,,4231.0,373.0
quicksort,7,serial,1,23,0.130053742,0.25,329577119.0,330656526.0,87835026.0,8647571.0,1126898.0,30399.0,613015.0,,4983.0,367.0
quicksort,7,serial,1,24,0.128043198,0.24,329577127.0,330928026.0,87835026.0,8654260.0,1153424.0,31110.0,618619.0,,4358.0,367.0
quicksort,7,serial,1,25,0.1275668935,0.24,329577105.0,332285089.0,87835020.0,8641491.0,1126931.0,30321.0,606272.0,,4094.0,372.0
quicksort,7,serial,1,26,0.126772169,0.27,329577104.0,328785596.0,87835019.0,8638547.0,1127102.0,29608.0,607363.0,,4051.0,370.0
quicksort,7,serial,1,27,0.126809695,0.27,329577108.0,329107997.0,87835023.0,8637953.0,1100556.0,30591.0,606752.0,,4339.0,381.0
quicksort,7,serial,1,28,0.1269245215,0.28,329577251.0,329266567.0,87835023.0,8646536.0,1104412.0,30339.0,605841.0,,4123.0,370.0
quicksort,7,serial,1,29,0.126972277,0.25,329577113.0,328970251.0,87835020.0,8644163.0,1119091.0,29586.0,608148.0,,4140.0,376.0
quicksort,7,serial,1,30,0.128385785,0.24,329577250.0,329582828.0,87835023.0,8646115.0,1105325.0,30193.0,608456.0,,4295.0,368.0
quicksort,11,parallel,4,1,0.0645378455,0.18,342383941.0,526262402.0,91167004.0,8408111.0,1434608.0,50829.0,755927.0,,7844.0,655.0
quicksort,11,parallel,4,2,0.064384471,0.18,342380491.0,525452496.0,91161280.0,8434486.0,1422948.0,51545.0,753308.0,,7702.0,674.0
quicksort,11,parallel,4,3,0.0645572675,0.18,342448538.0,526458213.0,91169891.0,8419076.0,1424816.0,49778.0,752384.0,,7635.0,644.0
quicksort,11,parallel,4,4,0.0645257875,0.18,342316167.0,527912556.0,91149515.0,8427678.0,1432131.0,51160.0,753084.0,,7804.0,651.0
quicksort,11,parallel,4,5,0.0643591885,0.18,342392457.0,526288708.0,91169398.0,8412739.0,1421971.0,50780.0,753593.0,,7987.0,673.0
quicksort,11,parallel,4,6,0.064396359,0.18,342398406.0,525484979.0,91173282.0,8411243.0,1434003.0,51299.0,753638.0,,7843.0,672.0
quicksort,11,parallel,4,7,0.064554657,0.18,342373387.0,525933167.0,91163017.0,8434277.0,1420847.0,51474.0,751291.0,,7514.0,669.0
quicksort,11,parallel,4,8,0.06437216800000001,0.18,342407943.0,525453451.0,91176895.0,8399264.0,1418472.0,50189.0,751844.0,,7834.0,667.0
quicksort,11,parallel,4,9,0.0645532995,0.18,342515454.0,527857937.0,91150522.0,8413159.0,1408569.0,49962.0,751360.0,,7822.0,660.0
quicksort,11,parallel,4,10,0.0624777485,0.18,339371339.0,498121746.0,91171845.0,8401471.0,1430887.0,51072.0,753998.0,,7568.0,650.0
quicksort,11,parallel,4,11,0.0642956685,0.18,342346202.0,524549906.0,91157771.0,8398891.0,1407629.0,50412.0,755446.0,,7968.0,661.0
quicksort,11,parallel,4,12,0.06441037499999999,0.18,342373865.0,526457886.0,91166892.0,8451035.0,1410003.0,49647.0,754663.0,,7486.0,649.0
quicksort,11,parallel,4,13,0.06425278200000001,0.18,342361801.0,526160680.0,91162819.0,8421639.0,1418098.0,50061.0,754533.0,,8004.0,664.0
quicksort,11,parallel,4,14,0.064473374,0.18,342357598.0,525280494.0,91182317.0,8410325.0,1422713.0,49886.0,754014.0,,7883.0,654.0
quicksort,11,parallel,4,15,0.06464160599999999,0.18,342417270.0,526285267.0,91159335.0,8398482.0,1428172.0,50588.0,753318.0,,7194.0,654.0
quicksort,11,parallel,4,16,0.06437471750000001,0.19,342395463.0,525531363.0,91167565.0,8398288.0,1424633.0,49623.0,751063.0,,7909.0,660.0
quicksort,11,parallel,4,17,0.06424249800000001,0.17,342378387.0,525687659.0,91167040.0,8417434.0,1432030.0,51429.0,752111.0,,7732.0,645.0
quicksort,11,parallel,4,18,0.06469422050000001,0.18,342411532.0,526724423.0,91176658.0,8410959.0,1412943.0,50646.0,749507.0,,7845.0,723.0
quicksort,11,parallel,4,19,0.0643201195,0.18,342363356.0,525773814.0,91163190.0,8427024.0,1441338.0,50768.0,753286.0,,8007.0,651.0
quicksort,11,parallel,4,20,0.0645988905,0.18,342316497.0,525956006.0,91198609.0,8400635.0,1425883.0,50774.0,751165.0,,7839.0,680.0
quicksort,11,parallel,4,21,0.0647466295,0.18,342305107.0,524973737.0,91144028.0,8415053.0,1412744.0,50399.0,754465.0,,7780.0,654.0
quicksort,11,parallel,4,22,0.064495396,0.18,342373717.0,525552261.0,91166147.0,8411272.0,1427900.0,50085.0,752712.0,,7912.0,668.0
quicksort,11,parallel,4,23,0.064419618,0.19,342482823.0,526162755.0,91201851.0,8407716.0,1433051.0,50805.0,755133.0,,7984.0,671.0
quicksort,11,parallel,4,24,0.064258959,0.18,342331388.0,524535404.0,91169064.0,8413893.0,1413161.0,49397.0,752560.0,,7937.0,655.0
quicksort,11,parallel,4,25,0.0647267565,0.18,342410780.0,524582755.0,91175221.0,8396861.0,1422217.0,50161.0,753207.0,,7238.0,655.0
quicksort,11,parallel,4,26,0.0644239305,0.18,342371448.0,525989778.0,91157346.0,8417469.0,1419923.0,52126.0,750712.0,,7732.0,673.0
quicksort,11,parallel,4,27,0.062603195,0.17,338860100.0,491348681.0,90164815.0,8386944.0,1409648.0,50738.0,754095.0,,7893.0,655.0
quicksort,11,parallel,4,28,0.0646093955,0.18,342380253.0,526686550.0,91163464.0,8408207.0,1424500.0,50118.0,754357.0,,7790.0,673.0
quicksort,11,parallel,4,29,0.064547243,0.19,342368071.0,526053439.0,91167626.0,8412284.0,1424896.0,49831.0,753140.0,,7753.0,646.0
quicksort,11,parallel,4,30,0.0642919515,0.18,342293479.0,524770979.0,91139737.0,8406315.0,1425401.0,50415.0,753731.0,,7998.0,672.0
quicksort,11,serial,1,1,0.12287298099999999,0.31,320574244.0,318613738.0,86220283.0,8311890.0,1137471.0,29581.0,607651.0,,4192.0,375.0
quicksort,11,serial,1,2,0.1230421755,0.27,320574105.0,320041833.0,86220291.0,8318454.0,1141470.0,31439.0,606434.0,,4156.0,374.0
quicksort,11,serial,1,3,0.1227358925,0.24,320574240.0,317921251.0,86220288.0,8317366.0,1119444.0,31035.0,605281.0,,4271.0,368.0
quicksort,11,serial,1,4,0.1229731205,0.24,320574243.0,318444030.0,86220290.0,8318007.0,1132430.0,29679.0,606506.0,,4317.0,378.0
quicksort,11,serial,1,5,0.122475506,0.27,320574252.0,318591324.0,86220289.0,8310936.0,1151032.0,30072.0,605954.0,,4360.0,380.0
quicksort,11,serial,1,6,0.1244256865,0.26,320574090.0,321676835.0,86220284.0,8317936.0,1147565.0,34762.0,611620.0,,5150.0,398.0
quicksort,11,serial,1,7,0.1229179765,0.24,320574093.0,320171985.0,86220287.0,8313045.0,1108814.0,30071.0,603932.0,,4209.0,372.0
quicksort,11,serial,1,8,0.122317809,0.24,320574253.0,318453922.0,86220284.0,8305685.0,1124297.0,29247.0,605831.0,,4498.0,403.0
quicksort,11,serial,1,9,0.122517045,0.23,320574242.0,318768820.0,86220287.0,8313597.0,1140953.0,29135.0,605190.0,,4303.0,368.0
quicksort,11,serial,1,10,0.1226507725,0.24,320574248.0,318430466.0,86220294.0,8313805.0,1137451.0,29669.0,605361.0,,4138.0,358.0
quicksort,11,serial,1,11,0.122817587,0.23,320574101.0,317874765.0,86220287.0,8311697.0,1138858.0,29845.0,609064.0,,4623.0,378.0
quicksort,11,serial,1,12,0.12251520599999999,0.24,320574109.0,318199439.0,86220289.0,8318324.0,1137359.0,29582.0,606383.0,,4246.0,372.0
quicksort,11,serial,1,13,0.1227510865,0.23,320574240.0,318066049.0,86220283.0,8315431.0,1161544.0,31048.0,607328.0,,4891.0,402.0
quicksort,11,serial,1,14,0.1232316535,0.27,320574254.0,317740830.0,86220291.0,8312991.0,1154810.0,30769.0,605431.0,,4401.0,368.0
quicksort,11,serial,1,15,0.12340132300000001,0.25,320574102.0,319436682.0,86220288.0,8321880.0,1110744.0,30413.0,604431.0,,4202.0,367.0
quicksort,11,serial,1,16,0.12350006,0.24,320574252.0,320125465.0,86220289.0,8318030.0,1133126.0,29343.0,606791.0,,4621.0,402.0
quicksort,11,serial,1,17,0.12319680250000001,0.24,320574093.0,319205707.0,86220287.0,8310326.0,1150518.0,30042.0,605744.0,,4356.0,378.0
quicksort,11,serial,1,18,0.1255885705,0.25,320574253.0,317740137.0,86220293.0,8302575.0,1130088.0,31039.0,605029.0,,4343.0,374.0
quicksort,11,serial,1,19,0.12332356650000001,0.24,320574101.0,319084349.0,86220290.0,8312595.0,1129175.0,30545.0,605964.0,,4281.0,357.0
quicksort,11,serial,1,20,0.1229986285,0.24,320574262.0,318381006.0,86220292.0,8308591.0,1152802.0,29962.0,607657.0,,4249.0,369.0
quicksort,11,serial,1,21,0.12930514399999998,0.27,320574242.0,319801030.0,86220295.0,8316021.0,1129314.0,30628.0,604578.0,,4202.0,368.0
quicksort,11,serial,1,22,0.12332808,0.24,320574104.0,320976802.0,86220290.0,8315039.0,1108603.0,30057.0,604058.0,,4153.0,376.0
quicksort,11,serial,1,23,0.1227131905,0.26,320574095.0,318078053.0,86220289.0,8303681.0,1130177.0,29743.0,604727.0,,4222.0,379.0
quicksort,11,serial,1,24,0.1235256525,0.25,320574242.0,319223580.0,86220286.0,8313120.0,1128618.0,29738.0,605477.0,,4110.0,374.0
quicksort,11,serial,1,25,0.12346459800000001,0.23,320574109.0,319051248.0,86220295.0,8308831.0,1144873.0,29904.0,607359.0,,4165.0,370.0
quicksort,11,serial,1,26,0.1237227895,0.23,320574245.0,318349451.0,86220287.0,8316081.0,1135249.0,30771.0,604764.0,,4200.0,379.0
quicksort,11,serial,1,27,0.1232177825,0.24,320574244.0,320634930.0,86220287.0,8315712.0,1129880.0,29446.0,607569.0,,4291.0,371.0
quicksort,11,serial,1,28,0.1231357825,0.23,320574258.0,318211803.0,86220294.0,8312316.0,1112586.0,30705.0,606838.0,,4295.0,380.0
quicksort,11,serial,1,29,0.12303121,0.23,320574256.0,319460401.0,86220292.0,8315356.0,1119039.0,29770.0,604718.0,,4276.0,378.0
quicksort,11,serial,1,30,0.12316814300000001,0.23,320574240.0,318747680.0,86220293.0,8315284.0,1138559.0,29362.0,604684.0,,4581.0,354.0
shellsort,0,parallel,4,1,0.1079941115,0.4,1230813307.0,909776589.0,242935973.0,15486801.0,14919922.0,1652163.0,7775058.0,,84471.0,526.0
shellsort,0,parallel,4,2,0.10479229600000001,0.39,1232345573.0,944935556.0,241502814.0,13539268.0,16250729.0,2139480.0,7170792.0,,86802.0,514.0
shellsort,0,parallel,4,3,0.1088842835,0.4,1232393673.0,930497446.0,241518845.0,13607126.0,15234004.0,1618111.0,7411099.0,,95662.0,509.0
shellsort,0,parallel,4,4,0.117369399,0.44,1241771942.0,1095401392.0,244081200.0,15870995.0,14493418.0,979857.0,7829390.0,,85516.0,493.0
shellsort,0,parallel,4,5,0.12048057549999999,0.38,1243264484.0,1134443394.0,245142488.0,17993120.0,13447997.0,522189.0,6879435.0,,93741.0,515.0
shellsort,0,parallel,4,6,0.1068529925,0.37,1237277766.0,1017302031.0,241004872.0,13118533.0,14165752.0,690769.0,8552841.0,,109308.0,497.0
shellsort,0,parallel,4,7,0.10681394999999999,0.39,1237301194.0,1018196338.0,243154715.0,15709282.0,14095787.0,603515.0,7297847.0,,102832.0,531.0
shellsort,0,parallel,4,8,0.11285425499999999,0.33,1238182051.0,1032000857.0,243448336.0,15253599.0,15393156.0,1827982.0,7050737.0,,92148.0,518.0
shellsort,0,parallel,4,9,0.105624997,0.36,1234289098.0,973145974.0,241731245.0,13607237.0,13754196.0,560328.0,7074663.0,,86217.0,511.0
shellsort,0,parallel,4,10,0.104117949,0.35,1230596108.0,883968265.0,240919653.0,12966346.0,14385961.0,747592.0,7597426.0,,95048.0,505.0
shellsort,0,parallel,4,11,0.119310568,0.36,1241887776.0,1145848463.0,243764334.0,15900389.0,14252651.0,1038984.0,6868897.0,,99049.0,506.0
shellsort,0,parallel,4,12,0.11136273,0.34,1233250098.0,945715333.0,243533649.0,18289192.0,13412838.0,499696.0,7370257.0,,95100.0,517.0
shellsort,0,parallel,4,13,0.1122026755,0.38,1241011921.0,1073038187.0,244391628.0,16425793.0,13735161.0,536957.0,7745966.0,,92678.0,513.0
shellsort,0,parallel,4,14,0.117475415,0.37,1239481662.0,1079094716.0,243881546.0,17668851.0,14013750.0,626906.0,6923085.0,,92118.0,496.0
shellsort,0,parallel,4,15,0.11152198599999999,0.37,1239093868.0,1060941858.0,243752271.0,16668875.0,14432623.0,1235994.0,7646228.0,,86655.0,498.0
shellsort,0,parallel,4,16,0.119051502,0.36,1238764943.0,1040626786.0,244947147.0,19495103.0,13409327.0,464462.0,7463215.0,,83503.0,507.0
shellsort,0,parallel,4,17,0.10934742850000001,0.39,1235340341.0,977805803.0,242501082.0,15013889.0,13942824.0,600365.0,7792443.0,,98755.0,523.0
shellsort,0,parallel,4,18,0.112912759,0.36,1233255651.0,930648175.0,244585349.0,18697831.0,13949563.0,585529.0,7100519.0,,82204.0,500.0
shellsort,0,parallel,4,19,0.114219029,0.38,1236860300.0,1042757772.0,242705519.0,17528727.0,13845265.0,940757.0,9016267.0,,88392.0,515.0
shellsort,0,parallel,4,20,0.1133493595,0.34,1241183447.0,1116953633.0,244448815.0,18626677.0,13517948.0,527453.0,7481508.0,,87693.0,500.0
shellsort,0,parallel,4,21,0.1050229245,0.38,1233795079.0,969371144.0,241985996.0,15265033.0,13906183.0,728089.0,8378210.0,,87573.0,519.0
shellsort,0,parallel,4,22,0.117994895,0.38,1236025948.0,1042108129.0,245046921.0,17885896.0,13641547.0,511631.0,7470255.0,,93534.0,516.0
shellsort,0,parallel,4,23,0.1037049065,0.36,1231892437.0,928549895.0,241351769.0,14610335.0,13866912.0,533006.0,8226992.0,,88400.0,499.0
shellsort,0,parallel,4,24,0.11777729149999999,0.38,1241350620.0,1067060154.0,245049007.0,16677850.0,13160820.0,517373.0,7442932.0,,98965.0,515.0
shellsort,0,parallel,4,25,0.102678306,0.33,1232198969.0,946465194.0,240618517.0,12632981.0,15224292.0,1576543.0,8494577.0,,80898.0,511.0
shellsort,0,parallel,4,26,0.10881067650000001,0.41,1234522385.0,969403687.0,242321342.0,15879855.0,13743578.0,584267.0,6945927.0,,88670.0,521.0
shellsort,0,parallel,4,27,0.10811090749999999,0.4,1229290186.0,862584786.0,240484329.0,12756995.0,14505435.0,683686.0,7561024.0,,94410.0,503.0
shellsort,0,parallel,4,28,0.10509828900000001,0.35,1231466848.0,907099095.0,242869204.0,14128687.0,14713535.0,1170271.0,7457994.0,,97117.0,504.0
shellsort,0,parallel,4,29,0.10758585300000001,0.35,1237218403.0,1039421432.0,241210955.0,13410557.0,13649156.0,535552.0,7513232.0,,100039.0,514.0
shellsort,0,parallel,4,30,0.1099593045,0.35,1238796715.0,1035125087.0,243653221.0,15785340.0,14485926.0,1059469.0,8046910.0,,87811.0,505.0
shellsort,0,serial,1,1,0.21625034799999998,0.57,965058327.0,576585437.0,222385981.0,12073504.0,8562670.0,281489.0,5857754.0,,7939.0,416.0
shellsort,0,serial,1,2,0.215110056,0.49,965058502.0,574591919.0,222385975.0,12080529.0,8467857.0,292726.0,5835721.0,,7313.0,414.0
shellsort,0,serial,1,3,0.2167924195,0.55,965058514.0,576986623.0,222385990.0,12074431.0,8844331.0,295004.0,5833074.0,,7968.0,409.0
shellsort,0,serial,1,4,0.218602551,0.49,965058521.0,577332692.0,222385990.0,12078793.0,8924888.0,308274.0,5831243.0,,8448.0,451.0
shellsort,0,serial,1,5,0.2151098705,0.49,965058337.0,576463652.0,222385981.0,12077785.0,8505489.0,269351.0,5835588.0,,8059.0,422.0
shellsort,0,serial,1,6,0.2159585265,0.53,965058491.0,577035955.0,222385989.0,12056560.0,8417128.0,270710.0,5815047.0,,7903.0,413.0
shellsort,0,serial,1,7,0.2150598725,0.53,965058524.0,575079091.0,222385983.0,12072437.0,8540796.0,279271.0,5829971.0,,7855.0,415.0
shellsort,0,serial,1,8,0.21637101749999998,0.53,965058364.0,577998848.0,222385991.0,12079958.0,8477845.0,265929.0,5830899.0,,7506.0,408.0
shellsort,0,serial,1,9,0.2176789615,0.53,965058368.0,576303809.0,222385993.0,12095762.0,8514380.0,267665.0,6067682.0,,8682.0,399.0
shellsort,0,serial,1,10,0.2149737875,0.52,965058379.0,574903816.0,222385990.0,12073574.0,8472020.0,301216.0,5810802.0,,7903.0,399.0
shellsort,0,serial,1,11,0.215731921,0.53,965058321.0,577430622.0,222385979.0,12048611.0,8484953.0,285506.0,5831205.0,,8198.0,410.0
shellsort,0,serial,1,12,0.215946229,0.52,965058340.0,578022533.0,222385989.0,12049960.0,8609943.0,290938.0,5811169.0,,7687.0,412.0
shellsort,0,serial,1,13,0.215198911,0.58,965058464.0,575502375.0,222385987.0,12080089.0,8530060.0,289571.0,5825740.0,,7804.0,401.0
shellsort,0,serial,1,14,0.21573802250000002,0.56,965058482.0,577192064.0,222385982.0,12080666.0,8532185.0,282375.0,5800274.0,,7954.0,416.0
shellsort,0,serial,1,15,0.2157069345,0.53,965058374.0,577433680.0,222385991.0,12074256.0,8532273.0,298016.0,5792483.0,,7512.0,414.0
shellsort,0,serial,1,16,0.214673275,0.52,965058486.0,574715099.0,222385983.0,12053457.0,8622823.0,307670.0,5816794.0,,7492.0,413.0
shellsort,0,serial,1,17,0.2158241275,0.52,965058374.0,577054028.0,222385993.0,12095448.0,8596468.0,288730.0,5795008.0,,7888.0,404.0
shellsort,0,serial,1,18,0.215800047,0.52,965058385.0,577693936.0,222385996.0,12021475.0,8449787.0,329172.0,5794065.0,,7759.0,422.0
shellsort,0,serial,1,19,0.21612178999999998,0.52,965058462.0,577916261.0,222385985.0,12078618.0,8710285.0,295343.0,5807973.0,,7518.0,413.0
shellsort,0,serial,1,20,0.21601694999999999,0.56,965058347.0,578864750.0,222385983.0,12065613.0,8576118.0,289119.0,5805689.0,,7628.0,413.0
shellsort,0,serial,1,21,0.2156780555,0.52,965058497.0,576857217.0,222385984.0,12058249.0,8581061.0,293769.0,5834308.0,,7445.0,405.0
shellsort,0,serial,1,22,0.2152508925,0.53,965058331.0,575116456.0,222385981.0,12069447.0,8627725.0,292869.0,5813230.0,,7499.0,410.0
shellsort,0,serial,1,23,0.21491027499999998,0.49,965058467.0,574743501.0,222385989.0,12074348.0,8631002.0,284857.0,5820149.0,,8158.0,434.0
shellsort,0,serial,1,24,0.21581920799999998,0.53,965058359.0,576955336.0,222385985.0,12064635.0,8606832.0,278245.0,5831642.0,,7645.0,406.0
shellsort,0,serial,1,25,0.215529525,0.53,965058466.0,576281531.0,222385984.0,12066897.0,8491749.0,304010.0,5814513.0,,7236.0,408.0
shellsort,0,serial,1,26,0.2153246995,0.52,965058331.0,577704308.0,222385983.0,12063303.0,8651715.0,280781.0,5816107.0,,7468.0,413.0
shellsort,0,serial,1,27,0.2156639845,0.54,965058466.0,577972393.0,222385991.0,12069559.0,8442053.0,278794.0,5802368.0,,7595.0,414.0
shellsort,0,serial,1,28,0.2153751435,0.55,965058515.0,577495833.0,222385980.0,12048018.0,8595993.0,276652.0,5794487.0,,7472.0,412.0
shellsort,0,serial,1,29,0.214808787,0.5,965058466.0,573189781.0,222385992.0,12041342.0,8573706.0,297331.0,5823159.0,,7700.0,420.0
shellsort,0,serial,1,30,0.215940463,0.52,965058334.0,574373851.0,222385980.0,12062841.0,8476716.0,275130.0,5817302.0,,8921.0,438.0
shellsort,3,parallel,4,1,0.10924591,0.39,1209669527.0,1019151601.0,236849582.0,16789091.0,13549236.0,586111.0,7292672.0,,95150.0,544.0
shellsort,3,parallel,4,2,0.10662005399999999,0.35,1210105691.0,1021313756.0,236264446.0,14745406.0,13695925.0,640922.0,7310546.0,,93096.0,566.0
shellsort,3,parallel,4,3,0.100751012,0.37,1201582039.0,850376300.0,237484413.0,15433568.0,13462495.0,481781.0,7515275.0,,98411.0,499.0
shellsort,3,parallel,4,4,0.111673633,0.38,1212943086.0,1078256706.0,238127525.0,17570358.0,13310482.0,620149.0,6917930.0,,87879.0,518.0
shellsort,3,parallel,4,5,0.11173103449999999,0.36,1210120650.0,1069354968.0,237016060.0,16818798.0,14098432.0,667626.0,7372487.0,,99616.0,515.0
shellsort,3,parallel,4,6,0.10397113599999999,0.34,1209438239.0,1004342602.0,236959226.0,15461423.0,13583411.0,589284.0,7101990.0,,104901.0,512.0
shellsort,3,parallel,4,7,0.112739632,0.39,1213590172.0,1095019244.0,238343213.0,17856140.0,13596671.0,594292.0,7656119.0,,79696.0,503.0
shellsort,3,parallel,4,8,0.1073449,0.34,1209306686.0,999448143.0,236261871.0,17440588.0,13774648.0,595548.0,7463587.0,,106118.0,500.0
shellsort,3,parallel,4,9,0.1116068885,0.33,1209545333.0,1033190052.0,237507490.0,17899122.0,13490816.0,604343.0,7521866.0,,96983.0,522.0
shellsort,3,parallel,4,10,0.1056745285,0.34,1206094100.0,977038713.0,237038260.0,14962908.0,14251807.0,1128305.0,7516411.0,,90190.0,517.0
shellsort,3,parallel,4,11,0.1106905775,0.36,1211793653.0,1027985849.0,238181974.0,16125848.0,14007354.0,928046.0,7263892.0,,98714.0,515.0
shellsort,3,parallel,4,12,0.102746923,0.33,1209753779.0,992056887.0,235031018.0,13411572.0,16072124.0,2209818.0,7588005.0,,93751.0,514.0
shellsort,3,parallel,4,13,0.10554654599999999,0.37,1204471836.0,916830528.0,237304312.0,17170546.0,14664947.0,1539962.0,7447923.0,,83103.0,519.0
shellsort,3,parallel,4,14,0.1058515125,0.38,1210083034.0,1018596789.0,237174161.0,15597129.0,14694552.0,1570978.0,7672243.0,,87279.0,502.0
shellsort,3,parallel,4,15,0.102320426,0.34,1205550045.0,948172942.0,235790679.0,14204132.0,15235222.0,1660006.0,7290322.0,,99956.0,499.0
shellsort,3,parallel,4,16,0.1100776245,0.33,1210079560.0,1027443288.0,237351077.0,16750672.0,13903704.0,988891.0,7089384.0,,86651.0,507.0
shellsort,3,parallel,4,17,0.1104598285,0.39,1207029586.0,974640513.0,236156333.0,15536435.0,13776413.0,773075.0,7026336.0,,112297.0,511.0
shellsort,3,parallel,4,18,0.10340985899999999,0.35,1205145457.0,930434598.0,236888740.0,15308497.0,14076120.0,532503.0,7415792.0,,88868.0,512.0
shellsort,3,parallel,4,19,0.102379656,0.39,1208860263.0,980430511.0,236766560.0,15125120.0,13410796.0,600298.0,8230011.0,,97733.0,520.0
shellsort,3,parallel,4,20,0.1093890815,0.38,1205008489.0,913407866.0,238677338.0,19780220.0,13321719.0,482105.0,7523471.0,,93260.0,509.0
shellsort,3,parallel,4,21,0.1121478685,0.38,1214547616.0,1114749929.0,238662368.0,18300280.0,13225241.0,525523.0,7697204.0,,86963.0,520.0
shellsort,3,parallel,4,22,0.10876662000000001,0.38,1209614464.0,1017298456.0,237017971.0,16418170.0,13534448.0,541219.0,7724408.0,,83633.0,524.0
shellsort,3,parallel,4,23,0.113451459,0.34,1215825940.0,1178137878.0,236699046.0,14557497.0,14045392.0,521225.0,6891192.0,,95641.0,512.0
shellsort,3,parallel,4,24,0.108700402,0.48,1212187356.0,1072079941.0,235543315.0,14651358.0,16159848.0,2349267.0,6843574.0,,98480.0,518.0
shellsort,3,parallel,4,25,0.102141384,0.37,1204159527.0,910405606.0,235199628.0,13575292.0,14612631.0,1292627.0,8208627.0,,98963.0,514.0
shellsort,3,parallel,4,26,0.10372358549999999,0.39,1207854690.0,989334544.0,236431369.0,14834623.0,15890353.0,2151809.0,7956917.0,,89846.0,503.0
shellsort,3,parallel,4,27,0.10358194800000001,0.38,1202779617.0,882986635.0,237718768.0,16506289.0,13543922.0,585141.0,7514538.0,,92912.0,510.0
shellsort,3,parallel,4,28,0.09676383350000001,0.39,1203318131.0,885932278.0,234919156.0,13413577.0,13956692.0,650640.0,7679288.0,,116906.0,496.0
shellsort,3,parallel,4,29,0.11461759399999999,0.38,1211555750.0,1093343597.0,238660116.0,16662952.0,13506177.0,496651.0,8448410.0,,89385.0,517.0
shellsort,3,parallel,4,30,0.10511016100000001,0.39,1208596488.0,983764649.0,236678634.0,15332529.0,13830595.0,678197.0,7764421.0,,97240.0,511.0
shellsort,3,serial,1,1,0.2140626665,0.58,939539023.0,574753789.0,215264515.0,12164273.0,8632020.0,326009.0,5876158.0,,7625.0,423.0
shellsort,3,serial,1,2,0.212603743,0.49,939539038.0,568266564.0,215264519.0,12136333.0,8455888.0,262748.0,5734395.0,,7630.0,411.0
shellsort,3,serial,1,3,0.212983217,0.63,939539158.0,567783482.0,215264506.0,12154362.0,8681412.0,294416.0,5858115.0,,7902.0,418.0
shellsort,3,serial,1,4,0.212558704,0.56,939539173.0,568305674.0,215264511.0,12137950.0,8578218.0,270475.0,5788505.0,,7666.0,402.0
shellsort,3,serial,1,5,0.21205877550000002,0.61,939539198.0,567314252.0,215264502.0,12137603.0,8465618.0,286931.0,5755986.0,,7561.0,412.0
shellsort,3,serial,1,6,0.212538832,0.56,939539173.0,565878962.0,215264515.0,12154111.0,8611586.0,280538.0,5844277.0,,7586.0,410.0
shellsort,3,serial,1,7,0.211875225,0.57,939538993.0,565820238.0,215264506.0,12142681.0,8386991.0,278805.0,5743047.0,,7801.0,412.0
shellsort,3,serial,1,8,0.2125120015,0.56,939539013.0,567412715.0,215264515.0,12131151.0,8320731.0,284492.0,5734165.0,,7582.0,419.0
shellsort,3,serial,1,9,0.212165093,0.56,939538981.0,566926334.0,215264502.0,12143516.0,8365962.0,335464.0,5808890.0,,7809.0,405.0
shellsort,3,serial,1,10,0.212068599,0.57,939539159.0,565770085.0,215264504.0,12130221.0,8360918.0,279994.0,5736543.0,,7828.0,421.0
shellsort,3,serial,1,11,0.212472058,0.56,939539123.0,566871723.0,215264503.0,12155679.0,8424113.0,295692.0,5728518.0,,7476.0,407.0
shellsort,3,serial,1,12,0.2122094255,0.55,939539012.0,568374297.0,215264509.0,12141747.0,8324320.0,277719.0,5757388.0,,7764.0,414.0
shellsort,3,serial,1,13,0.212663954,0.57,939539023.0,566000948.0,215264512.0,12146182.0,8484704.0,266923.0,5755069.0,,7836.0,417.0
shellsort,3,serial,1,14,0.2125507595,0.56,939539166.0,566846683.0,215264514.0,12151628.0,8294705.0,326622.0,5744012.0,,7841.0,409.0
shellsort,3,serial,1,15,0.2126933385,0.55,939539010.0,567176258.0,215264507.0,12120570.0,8403143.0,286365.0,5761287.0,,8088.0,445.0
shellsort,3,serial,1,16,0.2129904155,0.56,939539168.0,566291139.0,215264506.0,12140528.0,8909616.0,357886.0,5778770.0,,7555.0,412.0
shellsort,3,serial,1,17,0.21267794499999998,0.55,939539020.0,569675514.0,215264510.0,12152791.0,8783037.0,325856.0,5763610.0,,7804.0,427.0
shellsort,3,serial,1,18,0.2127126045,0.57,939538979.0,568087240.0,215264500.0,12158485.0,8419088.0,290925.0,5746755.0,,7485.0,408.0
shellsort,3,serial,1,19,0.21224946449999998,0.56,939538986.0,565295135.0,215264505.0,12134488.0,8673965.0,298700.0,5733301.0,,7803.0,414.0
shellsort,3,serial,1,20,0.2123904915,0.55,939538988.0,566930518.0,215264501.0,12156094.0,8658223.0,310479.0,5774062.0,,7890.0,411.0
shellsort,3,serial,1,21,0.2124954315,0.55,939538988.0,567031531.0,215264501.0,12137515.0,8275483.0,311089.0,5733376.0,,7946.0,396.0
shellsort,3,serial,1,22,0.2121025365,0.51,939539137.0,567302442.0,215264506.0,12108312.0,8315040.0,303474.0,5746518.0,,7674.0,410.0
shellsort,3,serial,1,23,0.2123555865,0.48,939539125.0,565059723.0,215264505.0,12141509.0,8416889.0,267826.0,5753505.0,,7328.0,411.0
shellsort,3,serial,1,24,0.212462981,0.51,939539127.0,569334093.0,215264513.0,12146621.0,8288689.0,336146.0,5725408.0,,7549.0,411.0
shellsort,3,serial,1,25,0.21243522450000002,0.51,939538994.0,568897681.0,215264507.0,12139784.0,8388263.0,275110.0,5763542.0,,7536.0,422.0
shellsort,3,serial,1,26,0.2121412785,0.52,939539033.0,567007747.0,215264513.0,12133288.0,8384065.0,288330.0,5733327.0,,7516.0,426.0
shellsort,3,serial,1,27,0.2116505325,0.51,939538978.0,567394249.0,215264499.0,12125768.0,8470689.0,274910.0,5779101.0,,7747.0,412.0
shellsort,3,serial,1,28,0.21241128999999997,0.51,939539134.0,566344271.0,215264511.0,12136789.0,8284886.0,298902.0,5763262.0,,7642.0,410.0
shellsort,3,serial,1,29,0.212102081,0.51,939539010.0,565325251.0,215264501.0,12129124.0,8296005.0,265080.0,5771012.0,,7309.0,420.0
shellsort,3,serial,1,30,0.2122223595,0.55,939538982.0,567852009.0,215264501.0,12162923.0,8491821.0,292507.0,5837103.0,,7250.0,424.0
shellsort,5,parallel,4,1,0.107829515,0.36,1199173507.0,984755190.0,236291930.0,16721741.0,13547313.0,545014.0,7049707.0,,89876.0,509.0
shellsort,5,parallel,4,2,0.099780465,0.36,1194088530.0,875966828.0,235049031.0,15687607.0,13551563.0,554943.0,7501909.0,,85082.0,521.0
shellsort,5,parallel,4,3,0.1089025725,0.36,1197340495.0,934593524.0,234201148.0,14195620.0,13929257.0,744292.0,6658135.0,,104870.0,500.0
shellsort,5,parallel,4,4,0.1062688275,0.38,1204245375.0,1066186469.0,236502805.0,15940087.0,15505141.0,2083097.0,7232643.0,,96287.0,508.0
shellsort,5,parallel,4,5,0.100396113,0.38,1193596836.0,869096686.0,232953246.0,12990034.0,13917056.0,502403.0,7252220.0,,97625.0,507.0
shellsort,5,parallel,4,6,0.097743072,0.36,1196217895.0,925865364.0,233826938.0,13651632.0,14492052.0,1177588.0,7165742.0,,92847.0,555.0
shellsort,5,parallel,4,7,0.10728990299999999,0.37,1204847551.0,1044782559.0,234601812.0,14840856.0,15944826.0,2288562.0,7297255.0,,97431.0,512.0
shellsort,5,parallel,4,8,0.1031018415,0.34,1195626129.0,897578462.0,235293737.0,17968251.0,13664609.0,715510.0,7433126.0,,111192.0,500.0
shellsort,5,parallel,4,9,0.1109179195,0.34,1199006049.0,982936581.0,237519497.0,18514908.0,13510827.0,499843.0,7327998.0,,83212.0,515.0
shellsort,5,parallel,4,10,0.1067540585,0.36,1203673467.0,1052643709.0,235025492.0,14832058.0,13764944.0,902389.0,7376285.0,,92562.0,513.0
shellsort,5,parallel,4,11,0.1020273665,0.36,1202718074.0,1042019570.0,233049291.0,13190255.0,14444298.0,1076721.0,7014745.0,,92441.0,525.0
shellsort,5,parallel,4,12,0.1077354105,0.34,1200257032.0,998576754.0,235412055.0,17978138.0,13727683.0,640289.0,7251916.0,,96175.0,498.0
shellsort,5,parallel,4,13,0.110590196,0.35,1196885369.0,984014320.0,234049450.0,16533985.0,13819321.0,693499.0,6956565.0,,102428.0,507.0
shellsort,5,parallel,4,14,0.0994539185,0.34,1196279393.0,932665738.0,233516694.0,15008822.0,14129653.0,684150.0,7034193.0,,86369.0,525.0
shellsort,5,parallel,4,15,0.107729374,0.34,1200635923.0,1023636725.0,234667533.0,17338081.0,13910684.0,671902.0,7032183.0,,83642.0,516.0
shellsort,5,parallel,4,16,0.1041869365,0.37,1197973340.0,943250398.0,235353791.0,17015343.0,13404797.0,464373.0,7242213.0,,99552.0,525.0
shellsort,5,parallel,4,17,0.1021030725,0.34,1199402510.0,989253784.0,234888493.0,15789957.0,13963845.0,1072303.0,7240864.0,,75634.0,505.0
shellsort,5,parallel,4,18,0.105641648,0.34,1198355826.0,949507509.0,235691625.0,16693690.0,15155179.0,1889797.0,7422699.0,,83140.0,504.0
shellsort,5,parallel,4,19,0.1038831325,0.34,1200119483.0,983050477.0,235127486.0,15060149.0,13895842.0,1048671.0,7255532.0,,90536.0,506.0
shellsort,5,parallel,4,20,0.10891656899999999,0.36,1200883428.0,1084332389.0,235371557.0,15096259.0,13979201.0,560241.0,8029593.0,,90800.0,512.0
shellsort,5,parallel,4,21,0.1005898475,0.36,1199751096.0,998944609.0,235004701.0,16196272.0,13734459.0,624408.0,7026419.0,,87386.0,515.0
shellsort,5,parallel,4,22,0.099593077,0.36,1199475317.0,977661597.0,233141193.0,13503888.0,14148010.0,647569.0,7225051.0,,96619.0,518.0
shellsort,5,parallel,4,23,0.1016930865,0.35,1199676305.0,1000411827.0,233420859.0,13199069.0,15953138.0,2250640.0,8495045.0,,98295.0,506.0
shellsort,5,parallel,4,24,0.09712016,0.35,1197571196.0,935099884.0,232793066.0,13238261.0,14755778.0,1214575.0,6985739.0,,99091.0,506.0
shellsort,5,parallel,4,25,0.108367264,0.37,1197501019.0,1002061596.0,234254670.0,17163752.0,14410528.0,1159840.0,7056584.0,,96477.0,504.0
shellsort,5,parallel,4,26,0.105490157,0.34,1200802361.0,1023395512.0,234249246.0,16099427.0,13709882.0,602422.0,7126981.0,,106418.0,514.0
shellsort,5,parallel,4,27,0.11201969,0.35,1205603240.0,1098388874.0,236130188.0,16279894.0,13212430.0,542945.0,7044793.0,,94934.0,504.0
shellsort,5,parallel,4,28,0.1055593805,0.36,1203583546.0,1033469673.0,236282179.0,15848557.0,13498033.0,610690.0,7699541.0,,89624.0,517.0
shellsort,5,parallel,4,29,0.1046810395,0.37,1205934873.0,1085126915.0,237065973.0,16993173.0,13507173.0,525162.0,7384549.0,,94461.0,506.0
shellsort,5,parallel,4,30,0.0985157015,0.33,1193162003.0,857380012.0,232808297.0,12971372.0,13836867.0,594404.0,7160969.0,,80731.0,510.0
shellsort,5,serial,1,1,0.211497559,0.64,931743370.0,563200608.0,213278389.0,12094749.0,8536412.0,294831.0,5798030.0,,7787.0,412.0
shellsort,5,serial,1,2,0.21067397399999999,0.48,931743373.0,563712075.0,213278389.0,12092803.0,8496919.0,275190.0,5727680.0,,7967.0,418.0
shellsort,5,serial,1,3,0.2107453865,0.54,931743393.0,563578227.0,213278384.0,12096834.0,8511651.0,282012.0,5889070.0,,7778.0,410.0
shellsort,5,serial,1,4,0.211636146,0.48,931743418.0,564060887.0,213278381.0,12087166.0,8450374.0,303987.0,5757563.0,,7740.0,429.0
shellsort,5,serial,1,5,0.2111068835,0.47,931743386.0,564321852.0,213278386.0,12096747.0,8323895.0,309231.0,5779724.0,,7593.0,421.0
shellsort,5,serial,1,6,0.2107910865,0.48,931743382.0,562868715.0,213278386.0,12089550.0,8405117.0,282295.0,5767566.0,,7324.0,411.0
shellsort,5,serial,1,7,0.210967479,0.48,931743257.0,562860928.0,213278389.0,12075856.0,8370768.0,291245.0,5757730.0,,7629.0,410.0
shellsort,5,serial,1,8,0.210830139,0.48,931743373.0,563066789.0,213278388.0,12096284.0,8215861.0,359028.0,5749756.0,,7639.0,416.0
shellsort,5,serial,1,9,0.2105405565,0.48,931743227.0,564458868.0,213278381.0,12094586.0,8411510.0,279712.0,5759454.0,,7519.0,427.0
shellsort,5,serial,1,10,0.21077791699999998,0.49,931743410.0,563652032.0,213278382.0,12102455.0,8357856.0,280573.0,5744463.0,,7429.0,405.0
shellsort,5,serial,1,11,0.2112061375,0.48,931743274.0,565013901.0,213278396.0,12079222.0,8377509.0,291749.0,5743729.0,,7505.0,407.0
shellsort,5,serial,1,12,0.2108734295,0.48,931743269.0,564659030.0,213278390.0,12092945.0,8370845.0,283007.0,5766816.0,,7482.0,412.0
shellsort,5,serial,1,13,0.211247178,0.52,931743384.0,563866411.0,213278388.0,12076989.0,8335903.0,313656.0,5737763.0,,7570.0,425.0
shellsort,5,serial,1,14,0.2108582865,0.52,931743272.0,562255847.0,213278391.0,12071620.0,8350582.0,280151.0,5746600.0,,7190.0,411.0
shellsort,5,serial,1,15,0.21107661700000002,0.51,931743256.0,563642638.0,213278386.0,12086145.0,8342249.0,305170.0,5733837.0,,7275.0,420.0
shellsort,5,serial,1,16,0.212195795,0.53,931743385.0,568558783.0,213278386.0,12091935.0,8356555.0,280603.0,5720026.0,,8257.0,425.0
shellsort,5,serial,1,17,0.2113954885,0.56,931743411.0,564890490.0,213278391.0,12096958.0,8526847.0,294524.0,5754276.0,,7816.0,416.0
shellsort,5,serial,1,18,0.210709445,0.52,931743226.0,561550182.0,213278380.0,12101394.0,8445393.0,274162.0,5773637.0,,7481.0,417.0
shellsort,5,serial,1,19,0.210546803,0.51,931743269.0,563272808.0,213278390.0,12086762.0,8365365.0,307539.0,5773066.0,,7620.0,419.0
shellsort,5,serial,1,20,0.2108829075,0.51,931743233.0,562733986.0,213278379.0,12090518.0,8466833.0,268342.0,5786789.0,,7527.0,414.0
shellsort,5,serial,1,21,0.21090541899999998,0.51,931743268.0,564072437.0,213278390.0,12071960.0,8448309.0,268497.0,5737001.0,,7778.0,413.0
shellsort,5,serial,1,22,0.211098638,0.51,931743412.0,563709276.0,213278390.0,12092475.0,8286770.0,285401.0,5726887.0,,7597.0,405.0
shellsort,5,serial,1,23,0.2109961775,0.55,931743289.0,565059336.0,213278396.0,12094678.0,8432385.0,290359.0,5738700.0,,7427.0,413.0
shellsort,5,serial,1,24,0.2108588975,0.51,931743268.0,564503843.0,213278390.0,12081768.0,8336882.0,267281.0,5759913.0,,7795.0,398.0
shellsort,5,serial,1,25,0.210603829,0.54,931743260.0,562008282.0,213278383.0,12083288.0,8470524.0,270164.0,5754927.0,,7496.0,413.0
shellsort,5,serial,1,26,0.21026235,0.51,931743383.0,562733710.0,213278380.0,12081611.0,8435183.0,281163.0,5763784.0,,7892.0,403.0
shellsort,5,serial,1,27,0.210330647,0.51,931743413.0,562091332.0,213278377.0,12075098.0,8365386.0,283573.0,5762363.0,,8054.0,396.0
shellsort,5,serial,1,28,0.2103243905,0.51,931743267.0,561486256.0,213278389.0,12067261.0,8381155.0,279920.0,5744770.0,,7788.0,433.0
shellsort,5,serial,1,29,0.21103490400000002,0.51,931743387.0,564400602.0,213278387.0,12082416.0,8343857.0,271902.0,5754318.0,,7663.0,415.0
shellsort,5,serial,1,30,0.2105958295,0.51,931743370.0,563603461.0,213278397.0,12094112.0,8490017.0,287289.0,5761438.0,,7663.0,394.0
shellsort,7,parallel,4,1,0.104689385,0.37,1191300949.0,981754840.0,233417593.0,16392469.0,13822619.0,787117.0,7558272.0,,94436.0,508.0
shellsort,7,parallel,4,2,0.1103095545,0.32,1196468104.0,1052027888.0,234490467.0,17267104.0,13863081.0,533795.0,7011007.0,,106350.0,519.0
shellsort,7,parallel,4,3,0.1057899535,0.39,1190731234.0,986990768.0,233002961.0,16772100.0,13608431.0,569277.0,7214945.0,,108109.0,510.0
shellsort,7,parallel,4,4,0.1094495485,0.34,1197199696.0,1063644500.0,234120287.0,16796465.0,13841593.0,669328.0,7421567.0,,92620.0,510.0
shellsort,7,parallel,4,5,0.1074760735,0.36,1198476074.0,1078114424.0,235584589.0,17005098.0,13599650.0,662610.0,7370062.0,,100909.0,566.0
shellsort,7,parallel,4,6,0.100662247,0.39,1190525125.0,934330020.0,233282033.0,14521791.0,13772114.0,598114.0,7550912.0,,80325.0,525.0
shellsort,7,parallel,4,7,0.109198452,0.36,1193329740.0,1019277507.0,233869133.0,17218689.0,13647234.0,561988.0,6918153.0,,99375.0,504.0
shellsort,7,parallel,4,8,0.105578701,0.35,1190327047.0,949780030.0,235204961.0,16184227.0,14274261.0,1259438.0,7424637.0,,93953.0,507.0
shellsort,7,parallel,4,9,0.112255914,0.36,1196376207.0,1125878841.0,234884636.0,20422040.0,13724988.0,489043.0,7499185.0,,94581.0,510.0
shellsort,7,parallel,4,10,0.115220168,0.34,1196673525.0,1111035187.0,236121833.0,17806038.0,13294665.0,510210.0,7268347.0,,102075.0,513.0
shellsort,7,parallel,4,11,0.1037403125,0.36,1192178106.0,961534424.0,234424364.0,15137774.0,14869106.0,1241258.0,7044705.0,,95463.0,516.0
shellsort,7,parallel,4,12,0.10351439300000001,0.32,1190116965.0,918240791.0,232798186.0,13841416.0,13996852.0,687097.0,7289646.0,,91460.0,536.0
shellsort,7,parallel,4,13,0.1062748185,0.37,1198779587.0,1078963387.0,232593947.0,14659347.0,14998077.0,1746122.0,6938174.0,,98738.0,510.0
shellsort,7,parallel,4,14,0.105313133,0.42,1197845621.0,1087647329.0,232429171.0,14457880.0,13511645.0,742056.0,6860709.0,,96505.0,516.0
shellsort,7,parallel,4,15,0.10553623200000001,0.37,1186763452.0,872838830.0,231680335.0,13118515.0,14479278.0,1177917.0,7107930.0,,102348.0,518.0
shellsort,7,parallel,4,16,0.10847751850000001,0.33,1192852872.0,1007914422.0,234741624.0,17923971.0,13238177.0,510945.0,7064011.0,,106732.0,511.0
shellsort,7,parallel,4,17,0.1118927505,0.36,1194381860.0,1029177634.0,234219844.0,16522948.0,14067132.0,1003601.0,6710418.0,,87943.0,514.0
shellsort,7,parallel,4,18,0.10277814099999999,0.36,1193623612.0,987700323.0,233967083.0,15119654.0,14316035.0,949716.0,7239080.0,,98544.0,513.0
shellsort,7,parallel,4,19,0.100279647,0.35,1189627699.0,919838408.0,232777535.0,15634137.0,14695374.0,1319074.0,7390022.0,,89979.0,544.0
shellsort,7,parallel,4,20,0.105816252,0.34,1192586459.0,972441429.0,233621368.0,15002531.0,14354210.0,671617.0,7357587.0,,92086.0,513.0
shellsort,7,parallel,4,21,0.09745512249999999,0.34,1190856483.0,929478105.0,233044698.0,13888971.0,14320577.0,742820.0,7057033.0,,84816.0,512.0
shellsort,7,parallel,4,22,0.102217635,0.34,1192883914.0,1006379552.0,233720525.0,16480794.0,14060998.0,646801.0,8225542.0,,99939.0,521.0
shellsort,7,parallel,4,23,0.1121283025,0.33,1193648561.0,1021531557.0,233975407.0,16934903.0,13843209.0,586058.0,7272366.0,,99027.0,518.0
shellsort,7,parallel,4,24,0.10879148150000001,0.31,1194738855.0,1012457679.0,234957096.0,17409031.0,14118943.0,629184.0,7476664.0,,89157.0,518.0
shellsort,7,parallel,4,25,0.10158524099999999,0.37,1191761152.0,973887842.0,233346267.0,14471805.0,15926658.0,2266559.0,7318152.0,,95800.0,519.0
shellsort,7,parallel,4,26,0.0978550845,0.36,1190315193.0,959579162.0,232864272.0,15437997.0,14129609.0,813010.0,7275381.0,,92783.0,513.0
shellsort,7,parallel,4,27,0.10030776899999999,0.4,1192792965.0,992591163.0,233690199.0,15691118.0,14260667.0,997081.0,7434362.0,,114226.0,523.0
shellsort,7,parallel,4,28,0.101297091,0.37,1190506161.0,951392835.0,233266315.0,15073389.0,13697194.0,736545.0,8430114.0,,109132.0,512.0
shellsort,7,parallel,4,29,0.1121791215,0.38,1195187809.0,1030340335.0,236309605.0,17853214.0,13444033.0,669367.0,7090345.0,,93862.0,526.0
shellsort,7,parallel,4,30,0.1104423865,0.37,1198424038.0,1077586021.0,234200418.0,17538653.0,14298453.0,722148.0,7434472.0,,104334.0,502.0
shellsort,7,serial,1,1,0.210167023,0.51,925648165.0,561164521.0,211738063.0,12070570.0,8560753.0,287740.0,5795149.0,,7775.0,409.0
shellsort,7,serial,1,2,0.2098728315,0.5,925648019.0,559519523.0,211738068.0,12083929.0,8440573.0,292291.0,5749631.0,,7486.0,419.0
shellsort,7,serial,1,3,0.210180257,0.55,925648020.0,561725545.0,211738071.0,12090981.0,8443137.0,338177.0,5816358.0,,7542.0,408.0
shellsort,7,serial,1,4,0.210489176,0.48,925648163.0,560652559.0,211738064.0,12094761.0,8615692.0,298223.0,5771759.0,,7843.0,414.0
shellsort,7,serial,1,5,0.209991978,0.48,925648007.0,560605836.0,211738064.0,12087539.0,8366037.0,272822.0,5809829.0,,8256.0,439.0
shellsort,7,serial,1,6,0.210781088,0.53,925648165.0,562882689.0,211738063.0,12071630.0,8337032.0,272876.0,5729382.0,,7874.0,414.0
shellsort,7,serial,1,7,0.210055992,0.48,925648046.0,560362169.0,211738078.0,12092099.0,8594256.0,299512.0,5726778.0,,7491.0,409.0
shellsort,7,serial,1,8,0.2100988615,0.47,925648008.0,559830632.0,211738065.0,12066632.0,8466656.0,293417.0,5751575.0,,7561.0,421.0
shellsort,7,serial,1,9,0.2096509545,0.47,925648147.0,558958004.0,211738060.0,12088341.0,8619548.0,269399.0,5763207.0,,7917.0,418.0
shellsort,7,serial,1,10,0.2104965495,0.49,925648143.0,562976592.0,211738060.0,12087071.0,8486631.0,274412.0,5743247.0,,7694.0,419.0
shellsort,7,serial,1,11,0.2100865485,0.5,925648157.0,562677951.0,211738054.0,12062529.0,8519992.0,262412.0,5746825.0,,7546.0,410.0
shellsort,7,serial,1,12,0.2102496365,0.48,925648134.0,561901944.0,211738062.0,12075430.0,8411316.0,285532.0,5755454.0,,8111.0,414.0
shellsort,7,serial,1,13,0.2105440175,0.51,925648131.0,563008892.0,211738070.0,12091057.0,8461667.0,355833.0,5752616.0,,7778.0,421.0
shellsort,7,serial,1,14,0.2095794775,0.49,925648129.0,560214308.0,211738062.0,12098178.0,8492295.0,297123.0,5763271.0,,7251.0,408.0
shellsort,7,serial,1,15,0.210556732,0.5,925648188.0,562063077.0,211738082.0,12084153.0,8397067.0,304331.0,6026287.0,,7676.0,428.0
shellsort,7,serial,1,16,0.2102160495,0.5,925648160.0,561414608.0,211738074.0,12108978.0,8465736.0,266490.0,5760871.0,,8609.0,429.0
shellsort,7,serial,1,17,0.2107264065,0.48,925648019.0,562334394.0,211738068.0,12075578.0,8528822.0,277461.0,5760489.0,,7885.0,417.0
shellsort,7,serial,1,18,0.210416992,0.47,925648166.0,560999507.0,211738064.0,12080526.0,8244875.0,287509.0,5784507.0,,7933.0,418.0
shellsort,7,serial,1,19,0.2102711015,0.48,925647989.0,561950153.0,211738060.0,12085633.0,8444803.0,268778.0,5735029.0,,7480.0,415.0
shellsort,7,serial,1,20,0.2099905805,0.51,925648043.0,561049053.0,211738075.0,12080706.0,8414037.0,285104.0,5771422.0,,7516.0,408.0
shellsort,7,serial,1,21,0.210073274,0.5,925648160.0,562102422.0,211738063.0,12068869.0,8362645.0,308288.0,5731744.0,,7550.0,413.0
shellsort,7,serial,1,22,0.2103006665,0.5,925648019.0,560913182.0,211738068.0,12082354.0,8467486.0,279326.0,5726570.0,,7573.0,414.0
shellsort,7,serial,1,23,0.20987906350000002,0.52,925648167.0,559609436.0,211738068.0,12090297.0,8455539.0,280739.0,5773978.0,,7653.0,410.0
shellsort,7,serial,1,24,0.20995283050000002,0.51,925648185.0,560454461.0,211738059.0,12075253.0,8342225.0,262913.0,5737263.0,,7519.0,424.0
shellsort,7,serial,1,25,0.2099191375,0.51,925648189.0,559943740.0,211738061.0,12067290.0,8453960.0,281274.0,5748635.0,,7851.0,408.0
shellsort,7,serial,1,26,0.21043671349999998,0.54,925648013.0,563036649.0,211738070.0,12100225.0,8345857.0,281463.0,5739226.0,,7668.0,427.0
shellsort,7,serial,1,27,0.210082777,0.5,925648155.0,560210807.0,211738064.0,12101128.0,8292768.0,285715.0,5760128.0,,7482.0,416.0
shellsort,7,serial,1,28,0.21019920250000002,0.53,925648172.0,562152809.0,211738064.0,12091574.0,8377486.0,277244.0,5726612.0,,7491.0,419.0
shellsort,7,serial,1,29,0.210167058,0.5,925648133.0,561117828.0,211738068.0,12093109.0,8364943.0,327573.0,5743820.0,,7460.0,404.0
shellsort,7,serial,1,30,0.2104972365,0.5,925647985.0,563012713.0,211738058.0,12071059.0,8448708.0,279701.0,5759106.0,,7801.0,414.0
shellsort,11,parallel,4,1,0.10375690300000001,0.38,1179597525.0,956844992.0,230952625.0,14686454.0,14599377.0,1086765.0,6922317.0,,92058.0,509.0
shellsort,11,parallel,4,2,0.111937924,0.35,1186681136.0,1109119187.0,232261730.0,16935744.0,13195321.0,530838.0,6615973.0,,114521.0,530.0
shellsort,11,parallel,4,3,0.09754528,0.33,1179377378.0,935763593.0,230879237.0,14427796.0,13856125.0,596026.0,7752230.0,,92491.0,510.0
shellsort,11,parallel,4,4,0.103700914,0.33,1182729243.0,991247885.0,231996531.0,14864008.0,14522050.0,1482395.0,7537665.0,,99694.0,500.0
shellsort,11,parallel,4,5,0.1115836255,0.41,1189105178.0,1132201014.0,234121880.0,18707142.0,13652696.0,525948.0,7061437.0,,104553.0,522.0
shellsort,11,parallel,4,6,0.10195396600000001,0.35,1180030400.0,946836153.0,231400553.0,14935685.0,14408688.0,1139363.0,8007530.0,,91818.0,498.0
shellsort,11,parallel,4,7,0.10235525649999999,0.33,1178971536.0,945401256.0,230743957.0,14432839.0,14542594.0,1086611.0,6744439.0,,82853.0,503.0
shellsort,11,parallel,4,8,0.10787664250000001,0.33,1181210983.0,999689341.0,231490458.0,16535892.0,13657604.0,584054.0,6760483.0,,92006.0,506.0
shellsort,11,parallel,4,9,0.093860653,0.34,1175263474.0,868903786.0,229541909.0,13754039.0,14617615.0,1206980.0,7244849.0,,81879.0,520.0
shellsort,11,parallel,4,10,0.106005639,0.32,1183290997.0,1033346571.0,230939471.0,15685116.0,15676766.0,2010450.0,7662996.0,,87561.0,513.0
shellsort,11,parallel,4,11,0.09889036749999999,0.37,1178238748.0,966748008.0,230251762.0,13862545.0,14001855.0,621490.0,7499219.0,,99968.0,514.0
shellsort,11,parallel,4,12,0.112028512,0.32,1185182152.0,1046138040.0,232814184.0,16554915.0,13495577.0,574993.0,7054283.0,,86606.0,522.0
shellsort,11,parallel,4,13,0.099482211,0.4,1175669953.0,873623922.0,231786403.0,14992842.0,13870809.0,539944.0,7342907.0,,82214.0,513.0
shellsort,11,parallel,4,14,0.09754568050000001,0.35,1176782990.0,895659692.0,230014568.0,13344610.0,14049843.0,850588.0,8117683.0,,90618.0,559.0
shellsort,11,parallel,4,15,0.1023311755,0.38,1180783961.0,963003016.0,231213352.0,16008173.0,13709370.0,536756.0,7720327.0,,92541.0,511.0
shellsort,11,parallel,4,16,0.10457693600000001,0.34,1183199788.0,1062150809.0,232153406.0,18413886.0,13484781.0,491956.0,7168665.0,,91017.0,502.0
shellsort,11,parallel,4,17,0.106563034,0.38,1184719424.0,1064696717.0,232659952.0,17623029.0,13369760.0,522654.0,7181597.0,,98221.0,509.0
shellsort,11,parallel,4,18,0.1045362655,0.42,1178999010.0,966602257.0,232095715.0,16346989.0,13516733.0,535026.0,7485808.0,,88333.0,509.0
shellsort,11,parallel,4,19,0.10281115199999999,0.36,1181148063.0,987739680.0,230917941.0,15316111.0,14064485.0,661616.0,7554812.0,,99335.0,505.0
shellsort,11,parallel,4,20,0.10478845349999999,0.42,1183258768.0,1016719748.0,231486168.0,15237111.0,15035874.0,1548083.0,7086364.0,,84495.0,502.0
shellsort,11,parallel,4,21,0.10643744499999999,0.34,1183018099.0,1025117112.0,231776540.0,16170671.0,14042053.0,826485.0,6923921.0,,87966.0,518.0
shellsort,11,parallel,4,22,0.10478778750000001,0.34,1185593237.0,1104659885.0,232951226.0,19219046.0,13508953.0,471979.0,7619663.0,,87403.0,511.0
shellsort,11,parallel,4,23,0.09660527399999999,0.35,1177988651.0,906114118.0,230279398.0,14184947.0,14147592.0,620884.0,7251451.0,,84870.0,521.0
shellsort,11,parallel,4,24,0.1082688315,0.37,1184720006.0,1043209441.0,232653072.0,16295493.0,13529558.0,620549.0,7357108.0,,102349.0,516.0
shellsort,11,parallel,4,25,0.10177918799999999,0.39,1180247725.0,972460078.0,230909709.0,15101234.0,15067414.0,1510868.0,8017063.0,,110400.0,503.0
shellsort,11,parallel,4,26,0.1036306125,0.34,1179576032.0,945172026.0,232172916.0,16687638.0,13930147.0,607161.0,7539078.0,,98718.0,509.0
shellsort,11,parallel,4,27,0.10130679100000001,0.38,1180791952.0,975907168.0,231350774.0,15566784.0,13881495.0,626220.0,7171399.0,,79174.0,517.0
shellsort,11,parallel,4,28,0.104320406,0.37,1178928907.0,929002025.0,233476472.0,16303881.0,13283991.0,502085.0,7802972.0,,87478.0,509.0
shellsort,11,parallel,4,29,0.1148418155,0.36,1184792997.0,1116526784.0,232684476.0,20176064.0,13501847.0,535653.0,7367560.0,,99978.0,511.0
shellsort,11,parallel,4,30,0.109003779,0.38,1179007864.0,1020998228.0,230756075.0,18405363.0,13582843.0,550867.0,7079049.0,,97926.0,511.0
shellsort,11,serial,1,1,0.20931396400000002,0.51,915699574.0,556668028.0,209255051.0,12078816.0,8585331.0,287897.0,5803134.0,,7945.0,413.0
shellsort,11,serial,1,2,0.2084917825,0.47,915699406.0,557809758.0,209255054.0,12082730.0,8607715.0,294393.0,5746014.0,,7786.0,416.0
shellsort,11,serial,1,3,0.208694033,0.52,915699540.0,557470871.0,209255062.0,12072170.0,8432262.0,284844.0,5804875.0,,7803.0,417.0
shellsort,11,serial,1,4,0.209461358,0.48,915699537.0,557645211.0,209255056.0,12081059.0,8459212.0,293148.0,5779703.0,,7649.0,421.0
shellsort,11,serial,1,5,0.20914218,0.47,915699409.0,559152617.0,209255054.0,12088203.0,8464165.0,283861.0,5758156.0,,7722.0,418.0
shellsort,11,serial,1,6,0.208465749,0.52,915699592.0,556916487.0,209255069.0,12073715.0,8414197.0,313045.0,5738907.0,,7526.0,403.0
shellsort,11,serial,1,7,0.2085387045,0.47,915699381.0,556449828.0,209255049.0,12072681.0,8408684.0,275288.0,5750334.0,,7865.0,413.0
shellsort,11,serial,1,8,0.20905425700000002,0.47,915699530.0,558208003.0,209255052.0,12069747.0,8268943.0,286272.0,5730647.0,,7314.0,415.0
shellsort,11,serial,1,9,0.2084248035,0.53,915699570.0,555658067.0,209255055.0,12065323.0,8362323.0,272769.0,5764686.0,,7767.0,419.0
shellsort,11,serial,1,10,0.20974560050000002,0.5,915699410.0,559801675.0,209255056.0,12099233.0,8303413.0,314027.0,5741506.0,,7785.0,414.0
shellsort,11,serial,1,11,0.2086973545,0.48,915699590.0,557855168.0,209255057.0,12063790.0,8359286.0,272701.0,5727333.0,,7750.0,407.0
shellsort,11,serial,1,12,0.209042755,0.47,915699417.0,557495879.0,209255055.0,12077956.0,8361982.0,280055.0,5708568.0,,7541.0,409.0
shellsort,11,serial,1,13,0.2088122325,0.47,915699399.0,557798446.0,209255058.0,12066577.0,8297511.0,322715.0,5744147.0,,7478.0,414.0
shellsort,11,serial,1,14,0.2089527685,0.47,915699424.0,558429393.0,209255061.0,12073100.0,8339064.0,297518.0,5744240.0,,7383.0,413.0
shellsort,11,serial,1,15,0.20920486100000002,0.47,915699420.0,559019808.0,209255057.0,12081472.0,8368193.0,294212.0,5740376.0,,7822.0,419.0
shellsort,11,serial,1,16,0.2083377865,0.5,915699550.0,555869284.0,209255048.0,12068421.0,8357707.0,274963.0,5736883.0,,7493.0,412.0
shellsort,11,serial,1,17,0.20939629199999998,0.5,915699571.0,558749915.0,209255061.0,12085061.0,8415855.0,277862.0,5739261.0,,7416.0,417.0
shellsort,11,serial,1,18,0.2089210595,0.49,915699568.0,557667364.0,209255061.0,12079885.0,8490825.0,282000.0,5747088.0,,7776.0,411.0
shellsort,11,serial,1,19,0.2087039415,0.5,915699409.0,557033024.0,209255049.0,12058461.0,8336004.0,318683.0,5748135.0,,7719.0,421.0
shellsort,11,serial,1,20,0.2085273085,0.5,915699395.0,556981743.0,209255055.0,12072970.0,8419249.0,262366.0,5860611.0,,7400.0,418.0
shellsort,11,serial,1,21,0.208893047,0.5,915699379.0,557995858.0,209255049.0,12077625.0,8343223.0,341914.0,5715063.0,,7567.0,412.0
shellsort,11,serial,1,22,0.2092880705,0.5,915699438.0,559160424.0,209255055.0,12091580.0,8384413.0,295428.0,5740953.0,,7520.0,410.0
shellsort,11,serial,1,23,0.20894279,0.5,915699571.0,556915983.0,209255056.0,12068428.0,8385680.0,331211.0,5758261.0,,7594.0,420.0
shellsort,11,serial,1,24,0.209172777,0.5,915699556.0,557969157.0,209255063.0,12066679.0,8330590.0,278837.0,5735978.0,,7482.0,412.0
shellsort,11,serial,1,25,0.2085355835,0.5,915699536.0,557372011.0,209255048.0,12090273.0,8454635.0,324167.0,5751138.0,,7210.0,417.0
shellsort,11,serial,1,26,0.20895592400000002,0.56,915699527.0,558591432.0,209255059.0,12096166.0,8422089.0,281986.0,5740443.0,,7400.0,400.0
shellsort,11,serial,1,27,0.208484784,0.48,915699557.0,555492115.0,209255058.0,12082992.0,8345463.0,273049.0,5764685.0,,8078.0,427.0
shellsort,11,serial,1,28,0.209383178,0.48,915699437.0,558241720.0,209255066.0,12104746.0,8401552.0,278088.0,5745774.0,,7615.0,429.0
shellsort,11,serial,1,29,0.20891140149999998,0.54,915699376.0,557406325.0,209255046.0,12072270.0,8373301.0,291038.0,5751675.0,,7665.0,402.0
shellsort,11,serial,1,30,0.20840426,0.5,915699388.0,556304148.0,209255050.0,12098784.0,8308732.0,383154.0,5726359.0,,7492.0,410.0
